"Path","FullName","Line","Name"
"agentic_loop_client_mcp_server.py","C:\Users\carmi\AI\services\codex_bridge\agentic_loop_client_mcp_server.py","82","_compact_text"
"agentic_loop_client_mcp_server.py","C:\Users\carmi\AI\services\codex_bridge\agentic_loop_client_mcp_server.py","90","_default_endpoint_for_path"
"agentic_loop_client_mcp_server.py","C:\Users\carmi\AI\services\codex_bridge\agentic_loop_client_mcp_server.py","95","_endpoint_port"
"agentic_loop_client_mcp_server.py","C:\Users\carmi\AI\services\codex_bridge\agentic_loop_client_mcp_server.py","105","_validate_endpoint"
"agentic_loop_client_mcp_server.py","C:\Users\carmi\AI\services\codex_bridge\agentic_loop_client_mcp_server.py","142","_validate_local_http_endpoint"
"agentic_loop_client_mcp_server.py","C:\Users\carmi\AI\services\codex_bridge\agentic_loop_client_mcp_server.py","174","_http_json"
"agentic_loop_client_mcp_server.py","C:\Users\carmi\AI\services\codex_bridge\agentic_loop_client_mcp_server.py","221","_post_agent"
"agentic_loop_client_mcp_server.py","C:\Users\carmi\AI\services\codex_bridge\agentic_loop_client_mcp_server.py","225","_get_health"
"agentic_loop_client_mcp_server.py","C:\Users\carmi\AI\services\codex_bridge\agentic_loop_client_mcp_server.py","229","_probe_reranker_functional"
"agentic_loop_client_mcp_server.py","C:\Users\carmi\AI\services\codex_bridge\agentic_loop_client_mcp_server.py","279","_json_preview"
"agentic_loop_client_mcp_server.py","C:\Users\carmi\AI\services\codex_bridge\agentic_loop_client_mcp_server.py","284","_tail_text"
"agentic_loop_client_mcp_server.py","C:\Users\carmi\AI\services\codex_bridge\agentic_loop_client_mcp_server.py","296","_services_root"
"agentic_loop_client_mcp_server.py","C:\Users\carmi\AI\services\codex_bridge\agentic_loop_client_mcp_server.py","300","_runtime_dir"
"agentic_loop_client_mcp_server.py","C:\Users\carmi\AI\services\codex_bridge\agentic_loop_client_mcp_server.py","304","_broker_instance_dir"
"agentic_loop_client_mcp_server.py","C:\Users\carmi\AI\services\codex_bridge\agentic_loop_client_mcp_server.py","308","_broker_process_metadata_path"
"agentic_loop_client_mcp_server.py","C:\Users\carmi\AI\services\codex_bridge\agentic_loop_client_mcp_server.py","312","_select_python"
"agentic_loop_client_mcp_server.py","C:\Users\carmi\AI\services\codex_bridge\agentic_loop_client_mcp_server.py","324","_port_listening"
"agentic_loop_client_mcp_server.py","C:\Users\carmi\AI\services\codex_bridge\agentic_loop_client_mcp_server.py","332","_read_broker_process_metadata"
"agentic_loop_client_mcp_server.py","C:\Users\carmi\AI\services\codex_bridge\agentic_loop_client_mcp_server.py","343","_broker_source_files"
"agentic_loop_client_mcp_server.py","C:\Users\carmi\AI\services\codex_bridge\agentic_loop_client_mcp_server.py","368","_broker_source_freshness"
"agentic_loop_client_mcp_server.py","C:\Users\carmi\AI\services\codex_bridge\agentic_loop_client_mcp_server.py","437","_write_broker_process_metadata"
"agentic_loop_client_mcp_server.py","C:\Users\carmi\AI\services\codex_bridge\agentic_loop_client_mcp_server.py","468","_path_is_under"
"agentic_loop_client_mcp_server.py","C:\Users\carmi\AI\services\codex_bridge\agentic_loop_client_mcp_server.py","476","_start_broker_process"
"agentic_loop_client_mcp_server.py","C:\Users\carmi\AI\services\codex_bridge\agentic_loop_client_mcp_server.py","618","_path_identity"
"agentic_loop_client_mcp_server.py","C:\Users\carmi\AI\services\codex_bridge\agentic_loop_client_mcp_server.py","628","_broker_root_from_health"
"agentic_loop_client_mcp_server.py","C:\Users\carmi\AI\services\codex_bridge\agentic_loop_client_mcp_server.py","638","_broker_root_matches_codex_root"
"agentic_loop_client_mcp_server.py","C:\Users\carmi\AI\services\codex_bridge\agentic_loop_client_mcp_server.py","652","_reranker_script"
"agentic_loop_client_mcp_server.py","C:\Users\carmi\AI\services\codex_bridge\agentic_loop_client_mcp_server.py","662","_start_reranker_process"
"agentic_loop_client_mcp_server.py","C:\Users\carmi\AI\services\codex_bridge\agentic_loop_client_mcp_server.py","770","_ensure_reranker"
"agentic_loop_client_mcp_server.py","C:\Users\carmi\AI\services\codex_bridge\agentic_loop_client_mcp_server.py","883","_ensure_broker"
"agentic_loop_client_mcp_server.py","C:\Users\carmi\AI\services\codex_bridge\agentic_loop_client_mcp_server.py","1027","_collect_path_like"
"agentic_loop_client_mcp_server.py","C:\Users\carmi\AI\services\codex_bridge\agentic_loop_client_mcp_server.py","1049","_tool_history_digest"
"agentic_loop_client_mcp_server.py","C:\Users\carmi\AI\services\codex_bridge\agentic_loop_client_mcp_server.py","1073","_compact_agent_response"
"agentic_loop_client_mcp_server.py","C:\Users\carmi\AI\services\codex_bridge\agentic_loop_client_mcp_server.py","1119","_task_with_codex_contract"
"agentic_loop_client_mcp_server.py","C:\Users\carmi\AI\services\codex_bridge\agentic_loop_client_mcp_server.py","1134","_codex_invocation_context"
"agentic_loop_client_mcp_server.py","C:\Users\carmi\AI\services\codex_bridge\agentic_loop_client_mcp_server.py","1173","_build_start_payload"
"agentic_loop_client_mcp_server.py","C:\Users\carmi\AI\services\codex_bridge\agentic_loop_client_mcp_server.py","1245","_build_job_action_payload"
"agentic_loop_client_mcp_server.py","C:\Users\carmi\AI\services\codex_bridge\agentic_loop_client_mcp_server.py","1271","_health"
"agentic_loop_client_mcp_server.py","C:\Users\carmi\AI\services\codex_bridge\agentic_loop_client_mcp_server.py","1319","_capabilities"
"agentic_loop_client_mcp_server.py","C:\Users\carmi\AI\services\codex_bridge\agentic_loop_client_mcp_server.py","1353","_run"
"agentic_loop_client_mcp_server.py","C:\Users\carmi\AI\services\codex_bridge\agentic_loop_client_mcp_server.py","1491","_status"
"agentic_loop_client_mcp_server.py","C:\Users\carmi\AI\services\codex_bridge\agentic_loop_client_mcp_server.py","1512","_result"
"agentic_loop_client_mcp_server.py","C:\Users\carmi\AI\services\codex_bridge\agentic_loop_client_mcp_server.py","1533","_tools"
"agentic_loop_client_mcp_server.py","C:\Users\carmi\AI\services\codex_bridge\agentic_loop_client_mcp_server.py","1536","health"
"agentic_loop_client_mcp_server.py","C:\Users\carmi\AI\services\codex_bridge\agentic_loop_client_mcp_server.py","1667","main"
"biome_mcp_server.py","C:\Users\carmi\AI\services\codex_bridge\biome_mcp_server.py","18","find_biome"
"biome_mcp_server.py","C:\Users\carmi\AI\services\codex_bridge\biome_mcp_server.py","41","run_biome"
"biome_mcp_server.py","C:\Users\carmi\AI\services\codex_bridge\biome_mcp_server.py","163","handle_format_file"
"biome_mcp_server.py","C:\Users\carmi\AI\services\codex_bridge\biome_mcp_server.py","173","handle_format_file_write"
"biome_mcp_server.py","C:\Users\carmi\AI\services\codex_bridge\biome_mcp_server.py","183","handle_check_file"
"biome_mcp_server.py","C:\Users\carmi\AI\services\codex_bridge\biome_mcp_server.py","192","handle_format_stdin"
"biome_mcp_server.py","C:\Users\carmi\AI\services\codex_bridge\biome_mcp_server.py","220","handle_list_types"
"biome_mcp_server.py","C:\Users\carmi\AI\services\codex_bridge\biome_mcp_server.py","240","health"
"biome_mcp_server.py","C:\Users\carmi\AI\services\codex_bridge\biome_mcp_server.py","252","handle_request"
"biome_mcp_server.py","C:\Users\carmi\AI\services\codex_bridge\biome_mcp_server.py","283","serve"
"black_mcp_server.py","C:\Users\carmi\AI\services\codex_bridge\black_mcp_server.py","18","find_black"
"black_mcp_server.py","C:\Users\carmi\AI\services\codex_bridge\black_mcp_server.py","40","run_black"
"black_mcp_server.py","C:\Users\carmi\AI\services\codex_bridge\black_mcp_server.py","146","handle_check_file"
"black_mcp_server.py","C:\Users\carmi\AI\services\codex_bridge\black_mcp_server.py","156","handle_format_file"
"black_mcp_server.py","C:\Users\carmi\AI\services\codex_bridge\black_mcp_server.py","165","handle_format_file_write"
"black_mcp_server.py","C:\Users\carmi\AI\services\codex_bridge\black_mcp_server.py","174","handle_format_stdin"
"black_mcp_server.py","C:\Users\carmi\AI\services\codex_bridge\black_mcp_server.py","212","handle_request"
"black_mcp_server.py","C:\Users\carmi\AI\services\codex_bridge\black_mcp_server.py","243","serve"
"clang_format_mcp_server.py","C:\Users\carmi\AI\services\codex_bridge\clang_format_mcp_server.py","18","find_clang_format"
"clang_format_mcp_server.py","C:\Users\carmi\AI\services\codex_bridge\clang_format_mcp_server.py","41","run_clang_format"
"clang_format_mcp_server.py","C:\Users\carmi\AI\services\codex_bridge\clang_format_mcp_server.py","151","handle_check_file"
"clang_format_mcp_server.py","C:\Users\carmi\AI\services\codex_bridge\clang_format_mcp_server.py","161","handle_format_file"
"clang_format_mcp_server.py","C:\Users\carmi\AI\services\codex_bridge\clang_format_mcp_server.py","171","handle_format_file_write"
"clang_format_mcp_server.py","C:\Users\carmi\AI\services\codex_bridge\clang_format_mcp_server.py","181","handle_format_stdin"
"clang_format_mcp_server.py","C:\Users\carmi\AI\services\codex_bridge\clang_format_mcp_server.py","222","handle_request"
"clang_format_mcp_server.py","C:\Users\carmi\AI\services\codex_bridge\clang_format_mcp_server.py","253","serve"
"code_dep_graph_mcp_server.py","C:\Users\carmi\AI\services\codex_bridge\code_dep_graph_mcp_server.py","34","__init__"
"code_dep_graph_mcp_server.py","C:\Users\carmi\AI\services\codex_bridge\code_dep_graph_mcp_server.py","40","build_dep_graph"
"code_dep_graph_mcp_server.py","C:\Users\carmi\AI\services\codex_bridge\code_dep_graph_mcp_server.py","78","find_import_chains"
"code_dep_graph_mcp_server.py","C:\Users\carmi\AI\services\codex_bridge\code_dep_graph_mcp_server.py","113","detect_circular_deps"
"code_dep_graph_mcp_server.py","C:\Users\carmi\AI\services\codex_bridge\code_dep_graph_mcp_server.py","120","dfs"
"code_dep_graph_mcp_server.py","C:\Users\carmi\AI\services\codex_bridge\code_dep_graph_mcp_server.py","151","find_callers"
"code_dep_graph_mcp_server.py","C:\Users\carmi\AI\services\codex_bridge\code_dep_graph_mcp_server.py","162","find_dependents"
"code_dep_graph_mcp_server.py","C:\Users\carmi\AI\services\codex_bridge\code_dep_graph_mcp_server.py","173","estimate_breakage_risk"
"code_dep_graph_mcp_server.py","C:\Users\carmi\AI\services\codex_bridge\code_dep_graph_mcp_server.py","221","_extract_imports"
"code_dep_graph_mcp_server.py","C:\Users\carmi\AI\services\codex_bridge\code_dep_graph_mcp_server.py","252","_import_to_file_path"
"code_dep_graph_mcp_server.py","C:\Users\carmi\AI\services\codex_bridge\code_dep_graph_mcp_server.py","270","_build_file_index"
"code_dep_graph_mcp_server.py","C:\Users\carmi\AI\services\codex_bridge\code_dep_graph_mcp_server.py","279","_git_candidate_paths"
"code_dep_graph_mcp_server.py","C:\Users\carmi\AI\services\codex_bridge\code_dep_graph_mcp_server.py","300","_get_or_build_graph"
"code_dep_graph_mcp_server.py","C:\Users\carmi\AI\services\codex_bridge\code_dep_graph_mcp_server.py","310","_get_or_build_reverse_graph"
"code_dep_graph_mcp_server.py","C:\Users\carmi\AI\services\codex_bridge\code_dep_graph_mcp_server.py","320","_build_dependency_graph"
"code_dep_graph_mcp_server.py","C:\Users\carmi\AI\services\codex_bridge\code_dep_graph_mcp_server.py","358","_build_reverse_graph"
"code_dep_graph_mcp_server.py","C:\Users\carmi\AI\services\codex_bridge\code_dep_graph_mcp_server.py","380","_get_dep_manager"
"code_dep_graph_mcp_server.py","C:\Users\carmi\AI\services\codex_bridge\code_dep_graph_mcp_server.py","389","_tools"
"code_dep_graph_mcp_server.py","C:\Users\carmi\AI\services\codex_bridge\code_dep_graph_mcp_server.py","392","health"
"code_dep_graph_mcp_server.py","C:\Users\carmi\AI\services\codex_bridge\code_dep_graph_mcp_server.py","472","main"
"enhanced_analysis_mcp_server.py","C:\Users\carmi\AI\services\codex_bridge\enhanced_analysis_mcp_server.py","39","__init__"
"enhanced_analysis_mcp_server.py","C:\Users\carmi\AI\services\codex_bridge\enhanced_analysis_mcp_server.py","42","summarize_module"
"enhanced_analysis_mcp_server.py","C:\Users\carmi\AI\services\codex_bridge\enhanced_analysis_mcp_server.py","69","_summarize_file"
"enhanced_analysis_mcp_server.py","C:\Users\carmi\AI\services\codex_bridge\enhanced_analysis_mcp_server.py","128","_extract_methods"
"enhanced_analysis_mcp_server.py","C:\Users\carmi\AI\services\codex_bridge\enhanced_analysis_mcp_server.py","143","_extract_args"
"enhanced_analysis_mcp_server.py","C:\Users\carmi\AI\services\codex_bridge\enhanced_analysis_mcp_server.py","150","_get_docstring"
"enhanced_analysis_mcp_server.py","C:\Users\carmi\AI\services\codex_bridge\enhanced_analysis_mcp_server.py","166","__init__"
"enhanced_analysis_mcp_server.py","C:\Users\carmi\AI\services\codex_bridge\enhanced_analysis_mcp_server.py","169","extract_api_surface"
"enhanced_analysis_mcp_server.py","C:\Users\carmi\AI\services\codex_bridge\enhanced_analysis_mcp_server.py","223","_find_all__"
"enhanced_analysis_mcp_server.py","C:\Users\carmi\AI\services\codex_bridge\enhanced_analysis_mcp_server.py","243","__init__"
"enhanced_analysis_mcp_server.py","C:\Users\carmi\AI\services\codex_bridge\enhanced_analysis_mcp_server.py","246","validate_configs"
"enhanced_analysis_mcp_server.py","C:\Users\carmi\AI\services\codex_bridge\enhanced_analysis_mcp_server.py","289","_validate_config"
"enhanced_analysis_mcp_server.py","C:\Users\carmi\AI\services\codex_bridge\enhanced_analysis_mcp_server.py","345","_get_managers"
"enhanced_analysis_mcp_server.py","C:\Users\carmi\AI\services\codex_bridge\enhanced_analysis_mcp_server.py","356","_tools"
"enhanced_analysis_mcp_server.py","C:\Users\carmi\AI\services\codex_bridge\enhanced_analysis_mcp_server.py","359","health"
"enhanced_analysis_mcp_server.py","C:\Users\carmi\AI\services\codex_bridge\enhanced_analysis_mcp_server.py","416","main"
"eslint_mcp_server.py","C:\Users\carmi\AI\services\codex_bridge\eslint_mcp_server.py","18","find_eslint"
"eslint_mcp_server.py","C:\Users\carmi\AI\services\codex_bridge\eslint_mcp_server.py","41","run_eslint"
"eslint_mcp_server.py","C:\Users\carmi\AI\services\codex_bridge\eslint_mcp_server.py","129","handle_check_file"
"eslint_mcp_server.py","C:\Users\carmi\AI\services\codex_bridge\eslint_mcp_server.py","139","handle_format_stdin"
"eslint_mcp_server.py","C:\Users\carmi\AI\services\codex_bridge\eslint_mcp_server.py","163","handle_list_rules"
"eslint_mcp_server.py","C:\Users\carmi\AI\services\codex_bridge\eslint_mcp_server.py","191","handle_request"
"eslint_mcp_server.py","C:\Users\carmi\AI\services\codex_bridge\eslint_mcp_server.py","222","serve"
"git_readonly_mcp_server.py","C:\Users\carmi\AI\services\codex_bridge\git_readonly_mcp_server.py","32","_compact_text"
"git_readonly_mcp_server.py","C:\Users\carmi\AI\services\codex_bridge\git_readonly_mcp_server.py","38","_validate_rev"
"git_readonly_mcp_server.py","C:\Users\carmi\AI\services\codex_bridge\git_readonly_mcp_server.py","47","_path_is_under"
"git_readonly_mcp_server.py","C:\Users\carmi\AI\services\codex_bridge\git_readonly_mcp_server.py","55","_pathspec"
"git_readonly_mcp_server.py","C:\Users\carmi\AI\services\codex_bridge\git_readonly_mcp_server.py","88","_run_git"
"git_readonly_mcp_server.py","C:\Users\carmi\AI\services\codex_bridge\git_readonly_mcp_server.py","171","_current_branch"
"git_readonly_mcp_server.py","C:\Users\carmi\AI\services\codex_bridge\git_readonly_mcp_server.py","176","_log"
"git_readonly_mcp_server.py","C:\Users\carmi\AI\services\codex_bridge\git_readonly_mcp_server.py","220","_show"
"git_readonly_mcp_server.py","C:\Users\carmi\AI\services\codex_bridge\git_readonly_mcp_server.py","234","_diff"
"git_readonly_mcp_server.py","C:\Users\carmi\AI\services\codex_bridge\git_readonly_mcp_server.py","259","_blame"
"git_readonly_mcp_server.py","C:\Users\carmi\AI\services\codex_bridge\git_readonly_mcp_server.py","277","_branch_compare"
"git_readonly_mcp_server.py","C:\Users\carmi\AI\services\codex_bridge\git_readonly_mcp_server.py","317","_health"
"git_readonly_mcp_server.py","C:\Users\carmi\AI\services\codex_bridge\git_readonly_mcp_server.py","330","_tools"
"git_readonly_mcp_server.py","C:\Users\carmi\AI\services\codex_bridge\git_readonly_mcp_server.py","333","health"
"git_readonly_mcp_server.py","C:\Users\carmi\AI\services\codex_bridge\git_readonly_mcp_server.py","415","main"
"index_bridge_mcp_server.py","C:\Users\carmi\AI\services\codex_bridge\index_bridge_mcp_server.py","46","__init__"
"index_bridge_mcp_server.py","C:\Users\carmi\AI\services\codex_bridge\index_bridge_mcp_server.py","54","_init_bridge_db"
"index_bridge_mcp_server.py","C:\Users\carmi\AI\services\codex_bridge\index_bridge_mcp_server.py","130","build_bridge"
"index_bridge_mcp_server.py","C:\Users\carmi\AI\services\codex_bridge\index_bridge_mcp_server.py","210","query_unified"
"index_bridge_mcp_server.py","C:\Users\carmi\AI\services\codex_bridge\index_bridge_mcp_server.py","242","persist_memory"
"index_bridge_mcp_server.py","C:\Users\carmi\AI\services\codex_bridge\index_bridge_mcp_server.py","272","get_persisted_memory"
"index_bridge_mcp_server.py","C:\Users\carmi\AI\services\codex_bridge\index_bridge_mcp_server.py","320","_get_bridge"
"index_bridge_mcp_server.py","C:\Users\carmi\AI\services\codex_bridge\index_bridge_mcp_server.py","334","_tools"
"index_bridge_mcp_server.py","C:\Users\carmi\AI\services\codex_bridge\index_bridge_mcp_server.py","337","health"
"index_bridge_mcp_server.py","C:\Users\carmi\AI\services\codex_bridge\index_bridge_mcp_server.py","412","main"
"job_artifact_mcp_server.py","C:\Users\carmi\AI\services\codex_bridge\job_artifact_mcp_server.py","43","_env_path"
"job_artifact_mcp_server.py","C:\Users\carmi\AI\services\codex_bridge\job_artifact_mcp_server.py","48","_dedupe"
"job_artifact_mcp_server.py","C:\Users\carmi\AI\services\codex_bridge\job_artifact_mcp_server.py","62","_job_roots"
"job_artifact_mcp_server.py","C:\Users\carmi\AI\services\codex_bridge\job_artifact_mcp_server.py","81","_safe_job_id"
"job_artifact_mcp_server.py","C:\Users\carmi\AI\services\codex_bridge\job_artifact_mcp_server.py","94","_find_job_dir"
"job_artifact_mcp_server.py","C:\Users\carmi\AI\services\codex_bridge\job_artifact_mcp_server.py","105","_read_text"
"job_artifact_mcp_server.py","C:\Users\carmi\AI\services\codex_bridge\job_artifact_mcp_server.py","110","_read_text_page"
"job_artifact_mcp_server.py","C:\Users\carmi\AI\services\codex_bridge\job_artifact_mcp_server.py","126","_read_json"
"job_artifact_mcp_server.py","C:\Users\carmi\AI\services\codex_bridge\job_artifact_mcp_server.py","142","_json_page"
"job_artifact_mcp_server.py","C:\Users\carmi\AI\services\codex_bridge\job_artifact_mcp_server.py","170","_json_overview"
"job_artifact_mcp_server.py","C:\Users\carmi\AI\services\codex_bridge\job_artifact_mcp_server.py","222","_openwebui_inline_payload_view"
"job_artifact_mcp_server.py","C:\Users\carmi\AI\services\codex_bridge\job_artifact_mcp_server.py","268","_read_events"
"job_artifact_mcp_server.py","C:\Users\carmi\AI\services\codex_bridge\job_artifact_mcp_server.py","288","_event_type"
"job_artifact_mcp_server.py","C:\Users\carmi\AI\services\codex_bridge\job_artifact_mcp_server.py","292","_event_step"
"job_artifact_mcp_server.py","C:\Users\carmi\AI\services\codex_bridge\job_artifact_mcp_server.py","303","_event_payload"
"job_artifact_mcp_server.py","C:\Users\carmi\AI\services\codex_bridge\job_artifact_mcp_server.py","308","_event_tool"
"job_artifact_mcp_server.py","C:\Users\carmi\AI\services\codex_bridge\job_artifact_mcp_server.py","313","_support_subturn_event"
"job_artifact_mcp_server.py","C:\Users\carmi\AI\services\codex_bridge\job_artifact_mcp_server.py","318","_tool_result_step_from_name"
"job_artifact_mcp_server.py","C:\Users\carmi\AI\services\codex_bridge\job_artifact_mcp_server.py","328","_payload_preview"
"job_artifact_mcp_server.py","C:\Users\carmi\AI\services\codex_bridge\job_artifact_mcp_server.py","337","_compact_subturn_event"
"job_artifact_mcp_server.py","C:\Users\carmi\AI\services\codex_bridge\job_artifact_mcp_server.py","364","_tool_from_result_payload_or_name"
"job_artifact_mcp_server.py","C:\Users\carmi\AI\services\codex_bridge\job_artifact_mcp_server.py","374","_compact_subturn_tool_result"
"job_artifact_mcp_server.py","C:\Users\carmi\AI\services\codex_bridge\job_artifact_mcp_server.py","400","_job_file_overview"
"job_artifact_mcp_server.py","C:\Users\carmi\AI\services\codex_bridge\job_artifact_mcp_server.py","418","_list_jobs"
"job_artifact_mcp_server.py","C:\Users\carmi\AI\services\codex_bridge\job_artifact_mcp_server.py","463","_summary"
"job_artifact_mcp_server.py","C:\Users\carmi\AI\services\codex_bridge\job_artifact_mcp_server.py","498","_events"
"job_artifact_mcp_server.py","C:\Users\carmi\AI\services\codex_bridge\job_artifact_mcp_server.py","537","_final"
"job_artifact_mcp_server.py","C:\Users\carmi\AI\services\codex_bridge\job_artifact_mcp_server.py","602","_tool_results"
"job_artifact_mcp_server.py","C:\Users\carmi\AI\services\codex_bridge\job_artifact_mcp_server.py","652","_subturns"
"job_artifact_mcp_server.py","C:\Users\carmi\AI\services\codex_bridge\job_artifact_mcp_server.py","719","_planner_payload"
"job_artifact_mcp_server.py","C:\Users\carmi\AI\services\codex_bridge\job_artifact_mcp_server.py","778","_select_rejection_events"
"job_artifact_mcp_server.py","C:\Users\carmi\AI\services\codex_bridge\job_artifact_mcp_server.py","788","_rejections"
"job_artifact_mcp_server.py","C:\Users\carmi\AI\services\codex_bridge\job_artifact_mcp_server.py","821","_health"
"job_artifact_mcp_server.py","C:\Users\carmi\AI\services\codex_bridge\job_artifact_mcp_server.py","835","_tools"
"job_artifact_mcp_server.py","C:\Users\carmi\AI\services\codex_bridge\job_artifact_mcp_server.py","838","health"
"job_artifact_mcp_server.py","C:\Users\carmi\AI\services\codex_bridge\job_artifact_mcp_server.py","958","main"
"job_view_mcp_server.py","C:\Users\carmi\AI\services\codex_bridge\job_view_mcp_server.py","69","_resolve_path"
"job_view_mcp_server.py","C:\Users\carmi\AI\services\codex_bridge\job_view_mcp_server.py","77","_effective_paths"
"job_view_mcp_server.py","C:\Users\carmi\AI\services\codex_bridge\job_view_mcp_server.py","96","_configure_broker_env"
"job_view_mcp_server.py","C:\Users\carmi\AI\services\codex_bridge\job_view_mcp_server.py","106","_patch_broker_modules"
"job_view_mcp_server.py","C:\Users\carmi\AI\services\codex_bridge\job_view_mcp_server.py","128","_load_renderers"
"job_view_mcp_server.py","C:\Users\carmi\AI\services\codex_bridge\job_view_mcp_server.py","136","_safe_job_id"
"job_view_mcp_server.py","C:\Users\carmi\AI\services\codex_bridge\job_view_mcp_server.py","145","_view_name"
"job_view_mcp_server.py","C:\Users\carmi\AI\services\codex_bridge\job_view_mcp_server.py","152","_truncate_text"
"job_view_mcp_server.py","C:\Users\carmi\AI\services\codex_bridge\job_view_mcp_server.py","159","_diagnostic_preview"
"job_view_mcp_server.py","C:\Users\carmi\AI\services\codex_bridge\job_view_mcp_server.py","170","_json_pretty_result"
"job_view_mcp_server.py","C:\Users\carmi\AI\services\codex_bridge\job_view_mcp_server.py","184","_json_pretty"
"job_view_mcp_server.py","C:\Users\carmi\AI\services\codex_bridge\job_view_mcp_server.py","189","_compact_ws"
"job_view_mcp_server.py","C:\Users\carmi\AI\services\codex_bridge\job_view_mcp_server.py","195","__init__"
"job_view_mcp_server.py","C:\Users\carmi\AI\services\codex_bridge\job_view_mcp_server.py","209","handle_starttag"
"job_view_mcp_server.py","C:\Users\carmi\AI\services\codex_bridge\job_view_mcp_server.py","231","handle_data"
"job_view_mcp_server.py","C:\Users\carmi\AI\services\codex_bridge\job_view_mcp_server.py","239","handle_endtag"
"job_view_mcp_server.py","C:\Users\carmi\AI\services\codex_bridge\job_view_mcp_server.py","271","_html_outline"
"job_view_mcp_server.py","C:\Users\carmi\AI\services\codex_bridge\job_view_mcp_server.py","303","_validate_html_text"
"job_view_mcp_server.py","C:\Users\carmi\AI\services\codex_bridge\job_view_mcp_server.py","345","_render_html"
"job_view_mcp_server.py","C:\Users\carmi\AI\services\codex_bridge\job_view_mcp_server.py","395","_render_failure"
"job_view_mcp_server.py","C:\Users\carmi\AI\services\codex_bridge\job_view_mcp_server.py","419","_list_views"
"job_view_mcp_server.py","C:\Users\carmi\AI\services\codex_bridge\job_view_mcp_server.py","459","_render"
"job_view_mcp_server.py","C:\Users\carmi\AI\services\codex_bridge\job_view_mcp_server.py","483","_render_section"
"job_view_mcp_server.py","C:\Users\carmi\AI\services\codex_bridge\job_view_mcp_server.py","495","_ia_payload"
"job_view_mcp_server.py","C:\Users\carmi\AI\services\codex_bridge\job_view_mcp_server.py","529","_outline"
"job_view_mcp_server.py","C:\Users\carmi\AI\services\codex_bridge\job_view_mcp_server.py","544","_links"
"job_view_mcp_server.py","C:\Users\carmi\AI\services\codex_bridge\job_view_mcp_server.py","560","_validate_html"
"job_view_mcp_server.py","C:\Users\carmi\AI\services\codex_bridge\job_view_mcp_server.py","575","_health"
"job_view_mcp_server.py","C:\Users\carmi\AI\services\codex_bridge\job_view_mcp_server.py","597","_tools"
"job_view_mcp_server.py","C:\Users\carmi\AI\services\codex_bridge\job_view_mcp_server.py","600","health"
"job_view_mcp_server.py","C:\Users\carmi\AI\services\codex_bridge\job_view_mcp_server.py","678","main"
"local_subagent_mcp_server.py","C:\Users\carmi\AI\services\codex_bridge\local_subagent_mcp_server.py","40","_subagent_contract"
"local_subagent_mcp_server.py","C:\Users\carmi\AI\services\codex_bridge\local_subagent_mcp_server.py","55","_run_readonly"
"local_subagent_mcp_server.py","C:\Users\carmi\AI\services\codex_bridge\local_subagent_mcp_server.py","99","_capabilities"
"local_subagent_mcp_server.py","C:\Users\carmi\AI\services\codex_bridge\local_subagent_mcp_server.py","124","_health"
"local_subagent_mcp_server.py","C:\Users\carmi\AI\services\codex_bridge\local_subagent_mcp_server.py","163","_tools"
"local_subagent_mcp_server.py","C:\Users\carmi\AI\services\codex_bridge\local_subagent_mcp_server.py","166","health"
"local_subagent_mcp_server.py","C:\Users\carmi\AI\services\codex_bridge\local_subagent_mcp_server.py","222","main"
"mcp_server.py","C:\Users\carmi\AI\services\codex_bridge\mcp_server.py","102","_log"
"mcp_server.py","C:\Users\carmi\AI\services\codex_bridge\mcp_server.py","107","_env_path"
"mcp_server.py","C:\Users\carmi\AI\services\codex_bridge\mcp_server.py","112","_json_dumps"
"mcp_server.py","C:\Users\carmi\AI\services\codex_bridge\mcp_server.py","116","_compact_text"
"mcp_server.py","C:\Users\carmi\AI\services\codex_bridge\mcp_server.py","123","_diagnostic_preview"
"mcp_server.py","C:\Users\carmi\AI\services\codex_bridge\mcp_server.py","134","_tool_content"
"mcp_server.py","C:\Users\carmi\AI\services\codex_bridge\mcp_server.py","138","_ok"
"mcp_server.py","C:\Users\carmi\AI\services\codex_bridge\mcp_server.py","142","_err"
"mcp_server.py","C:\Users\carmi\AI\services\codex_bridge\mcp_server.py","149","_safe_int"
"mcp_server.py","C:\Users\carmi\AI\services\codex_bridge\mcp_server.py","161","_safe_float"
"mcp_server.py","C:\Users\carmi\AI\services\codex_bridge\mcp_server.py","184","_services_root"
"mcp_server.py","C:\Users\carmi\AI\services\codex_bridge\mcp_server.py","189","_server_home_root"
"mcp_server.py","C:\Users\carmi\AI\services\codex_bridge\mcp_server.py","194","_server_services_root"
"mcp_server.py","C:\Users\carmi\AI\services\codex_bridge\mcp_server.py","198","_path_git_root"
"mcp_server.py","C:\Users\carmi\AI\services\codex_bridge\mcp_server.py","228","_env_existing_root"
"mcp_server.py","C:\Users\carmi\AI\services\codex_bridge\mcp_server.py","238","_codex_selected_project_root"
"mcp_server.py","C:\Users\carmi\AI\services\codex_bridge\mcp_server.py","269","_codex_root_source"
"mcp_server.py","C:\Users\carmi\AI\services\codex_bridge\mcp_server.py","283","_repo_root"
"mcp_server.py","C:\Users\carmi\AI\services\codex_bridge\mcp_server.py","288","_canonical_lab_root"
"mcp_server.py","C:\Users\carmi\AI\services\codex_bridge\mcp_server.py","292","_sync_broker_import_root"
"mcp_server.py","C:\Users\carmi\AI\services\codex_bridge\mcp_server.py","300","_useful_tools_root"
"mcp_server.py","C:\Users\carmi\AI\services\codex_bridge\mcp_server.py","307","_root_context"
"mcp_server.py","C:\Users\carmi\AI\services\codex_bridge\mcp_server.py","321","_allowed_resource_roots"
"mcp_server.py","C:\Users\carmi\AI\services\codex_bridge\mcp_server.py","346","_ensure_import_paths"
"mcp_server.py","C:\Users\carmi\AI\services\codex_bridge\mcp_server.py","358","_read_message"
"mcp_server.py","C:\Users\carmi\AI\services\codex_bridge\mcp_server.py","413","_write_message"
"mcp_server.py","C:\Users\carmi\AI\services\codex_bridge\mcp_server.py","427","_load_broker_registry_capability_map"
"mcp_server.py","C:\Users\carmi\AI\services\codex_bridge\mcp_server.py","436","_registry_payload"
"mcp_server.py","C:\Users\carmi\AI\services\codex_bridge\mcp_server.py","447","_effect_classes_for_internal_tool"
"mcp_server.py","C:\Users\carmi\AI\services\codex_bridge\mcp_server.py","462","_internal_tool_for_requested"
"mcp_server.py","C:\Users\carmi\AI\services\codex_bridge\mcp_server.py","477","_blocked_tool_diagnostic"
"mcp_server.py","C:\Users\carmi\AI\services\codex_bridge\mcp_server.py","489","_load_dispatcher"
"mcp_server.py","C:\Users\carmi\AI\services\codex_bridge\mcp_server.py","506","_direct_dispatch"
"mcp_server.py","C:\Users\carmi\AI\services\codex_bridge\mcp_server.py","546","_default_operational_db"
"mcp_server.py","C:\Users\carmi\AI\services\codex_bridge\mcp_server.py","552","_default_persistent_db"
"mcp_server.py","C:\Users\carmi\AI\services\codex_bridge\mcp_server.py","558","_memory_read_diagnostic"
"mcp_server.py","C:\Users\carmi\AI\services\codex_bridge\mcp_server.py","575","_read_memory_table"
"mcp_server.py","C:\Users\carmi\AI\services\codex_bridge\mcp_server.py","637","_memory_report"
"mcp_server.py","C:\Users\carmi\AI\services\codex_bridge\mcp_server.py","672","_memory_state_packet"
"mcp_server.py","C:\Users\carmi\AI\services\codex_bridge\mcp_server.py","747","_job_roots"
"mcp_server.py","C:\Users\carmi\AI\services\codex_bridge\mcp_server.py","775","_safe_read_json"
"mcp_server.py","C:\Users\carmi\AI\services\codex_bridge\mcp_server.py","782","_jobs_status"
"mcp_server.py","C:\Users\carmi\AI\services\codex_bridge\mcp_server.py","824","_job_detail"
"mcp_server.py","C:\Users\carmi\AI\services\codex_bridge\mcp_server.py","859","_mcp_file_uri"
"mcp_server.py","C:\Users\carmi\AI\services\codex_bridge\mcp_server.py","867","_path_is_under_any_root"
"mcp_server.py","C:\Users\carmi\AI\services\codex_bridge\mcp_server.py","893","_resource_path_from_uri"
"mcp_server.py","C:\Users\carmi\AI\services\codex_bridge\mcp_server.py","929","_guess_mime_type"
"mcp_server.py","C:\Users\carmi\AI\services\codex_bridge\mcp_server.py","944","_handle_resources_list"
"mcp_server.py","C:\Users\carmi\AI\services\codex_bridge\mcp_server.py","958","_handle_resources_read"
"mcp_server.py","C:\Users\carmi\AI\services\codex_bridge\mcp_server.py","984","_handle_resources_templates_list"
"mcp_server.py","C:\Users\carmi\AI\services\codex_bridge\mcp_server.py","998","_handle_roots_list"
"mcp_server.py","C:\Users\carmi\AI\services\codex_bridge\mcp_server.py","1010","_handle_prompts_list"
"mcp_server.py","C:\Users\carmi\AI\services\codex_bridge\mcp_server.py","1022","_handle_prompts_get"
"mcp_server.py","C:\Users\carmi\AI\services\codex_bridge\mcp_server.py","1046","_handle_completion_complete"
"mcp_server.py","C:\Users\carmi\AI\services\codex_bridge\mcp_server.py","1060","_schema"
"mcp_server.py","C:\Users\carmi\AI\services\codex_bridge\mcp_server.py","1154","_health"
"mcp_server.py","C:\Users\carmi\AI\services\codex_bridge\mcp_server.py","1191","_handle_tools_call"
"mcp_server.py","C:\Users\carmi\AI\services\codex_bridge\mcp_server.py","1240","_handle_rpc"
"mcp_server.py","C:\Users\carmi\AI\services\codex_bridge\mcp_server.py","1317","serve"
"mcp_server.py","C:\Users\carmi\AI\services\codex_bridge\mcp_server.py","1336","_frame"
"mcp_server.py","C:\Users\carmi\AI\services\codex_bridge\mcp_server.py","1343","self_test"
"mcp_server.py","C:\Users\carmi\AI\services\codex_bridge\mcp_server.py","1414","main"
"ollama_responses_bridge.py","C:\Users\carmi\AI\services\codex_bridge\ollama_responses_bridge.py","40","_safe_int_env"
"ollama_responses_bridge.py","C:\Users\carmi\AI\services\codex_bridge\ollama_responses_bridge.py","53","_json_dumps"
"ollama_responses_bridge.py","C:\Users\carmi\AI\services\codex_bridge\ollama_responses_bridge.py","57","_now"
"ollama_responses_bridge.py","C:\Users\carmi\AI\services\codex_bridge\ollama_responses_bridge.py","61","_ensure_state_db"
"ollama_responses_bridge.py","C:\Users\carmi\AI\services\codex_bridge\ollama_responses_bridge.py","79","_save_response"
"ollama_responses_bridge.py","C:\Users\carmi\AI\services\codex_bridge\ollama_responses_bridge.py","102","_load_response"
"ollama_responses_bridge.py","C:\Users\carmi\AI\services\codex_bridge\ollama_responses_bridge.py","117","_extract_response_text"
"ollama_responses_bridge.py","C:\Users\carmi\AI\services\codex_bridge\ollama_responses_bridge.py","136","_inject_previous_context"
"ollama_responses_bridge.py","C:\Users\carmi\AI\services\codex_bridge\ollama_responses_bridge.py","168","_target_url"
"ollama_responses_bridge.py","C:\Users\carmi\AI\services\codex_bridge\ollama_responses_bridge.py","174","_forward_headers"
"ollama_responses_bridge.py","C:\Users\carmi\AI\services\codex_bridge\ollama_responses_bridge.py","183","_open_url"
"ollama_responses_bridge.py","C:\Users\carmi\AI\services\codex_bridge\ollama_responses_bridge.py","188","_proxy_error"
"ollama_responses_bridge.py","C:\Users\carmi\AI\services\codex_bridge\ollama_responses_bridge.py","213","_sse_iter"
"ollama_responses_bridge.py","C:\Users\carmi\AI\services\codex_bridge\ollama_responses_bridge.py","227","_responses_input_to_chat_messages"
"ollama_responses_bridge.py","C:\Users\carmi\AI\services\codex_bridge\ollama_responses_bridge.py","265","_fallback_chat_to_response"
"ollama_responses_bridge.py","C:\Users\carmi\AI\services\codex_bridge\ollama_responses_bridge.py","319","health"
"ollama_responses_bridge.py","C:\Users\carmi\AI\services\codex_bridge\ollama_responses_bridge.py","331","root"
"ollama_responses_bridge.py","C:\Users\carmi\AI\services\codex_bridge\ollama_responses_bridge.py","423","native_version_probe"
"ollama_subagent_mcp_server.py","C:\Users\carmi\AI\services\codex_bridge\ollama_subagent_mcp_server.py","38","__init__"
"ollama_subagent_mcp_server.py","C:\Users\carmi\AI\services\codex_bridge\ollama_subagent_mcp_server.py","45","health"
"ollama_subagent_mcp_server.py","C:\Users\carmi\AI\services\codex_bridge\ollama_subagent_mcp_server.py","66","generate"
"ollama_subagent_mcp_server.py","C:\Users\carmi\AI\services\codex_bridge\ollama_subagent_mcp_server.py","127","generate_stream"
"ollama_subagent_mcp_server.py","C:\Users\carmi\AI\services\codex_bridge\ollama_subagent_mcp_server.py","203","list_models"
"ollama_subagent_mcp_server.py","C:\Users\carmi\AI\services\codex_bridge\ollama_subagent_mcp_server.py","238","_get_subagent_manager"
"ollama_subagent_mcp_server.py","C:\Users\carmi\AI\services\codex_bridge\ollama_subagent_mcp_server.py","248","_tools"
"ollama_subagent_mcp_server.py","C:\Users\carmi\AI\services\codex_bridge\ollama_subagent_mcp_server.py","251","health"
"ollama_subagent_mcp_server.py","C:\Users\carmi\AI\services\codex_bridge\ollama_subagent_mcp_server.py","318","main"
"ops_mcp_server.py","C:\Users\carmi\AI\services\codex_bridge\ops_mcp_server.py","44","_diagnostic_preview"
"ops_mcp_server.py","C:\Users\carmi\AI\services\codex_bridge\ops_mcp_server.py","55","_safe_int_param"
"ops_mcp_server.py","C:\Users\carmi\AI\services\codex_bridge\ops_mcp_server.py","136","_frame"
"ops_mcp_server.py","C:\Users\carmi\AI\services\codex_bridge\ops_mcp_server.py","143","_parse_jsonl"
"ops_mcp_server.py","C:\Users\carmi\AI\services\codex_bridge\ops_mcp_server.py","158","_parse_content_length"
"ops_mcp_server.py","C:\Users\carmi\AI\services\codex_bridge\ops_mcp_server.py","193","_parse_mcp_messages"
"ops_mcp_server.py","C:\Users\carmi\AI\services\codex_bridge\ops_mcp_server.py","201","_message_by_id"
"ops_mcp_server.py","C:\Users\carmi\AI\services\codex_bridge\ops_mcp_server.py","208","_tools_from_list_response"
"ops_mcp_server.py","C:\Users\carmi\AI\services\codex_bridge\ops_mcp_server.py","223","redact_text"
"ops_mcp_server.py","C:\Users\carmi\AI\services\codex_bridge\ops_mcp_server.py","232","redact_process_rows"
"ops_mcp_server.py","C:\Users\carmi\AI\services\codex_bridge\ops_mcp_server.py","242","_tool_text_payload"
"ops_mcp_server.py","C:\Users\carmi\AI\services\codex_bridge\ops_mcp_server.py","258","_script_path"
"ops_mcp_server.py","C:\Users\carmi\AI\services\codex_bridge\ops_mcp_server.py","262","_mcp_child_env"
"ops_mcp_server.py","C:\Users\carmi\AI\services\codex_bridge\ops_mcp_server.py","273","_probe_one_mcp"
"ops_mcp_server.py","C:\Users\carmi\AI\services\codex_bridge\ops_mcp_server.py","387","_requested_servers"
"ops_mcp_server.py","C:\Users\carmi\AI\services\codex_bridge\ops_mcp_server.py","394","mcp_inventory_list_targets"
"ops_mcp_server.py","C:\Users\carmi\AI\services\codex_bridge\ops_mcp_server.py","418","mcp_inventory_probe"
"ops_mcp_server.py","C:\Users\carmi\AI\services\codex_bridge\ops_mcp_server.py","457","_powershell_exe"
"ops_mcp_server.py","C:\Users\carmi\AI\services\codex_bridge\ops_mcp_server.py","461","_run_powershell_json"
"ops_mcp_server.py","C:\Users\carmi\AI\services\codex_bridge\ops_mcp_server.py","533","service_state_ports"
"ops_mcp_server.py","C:\Users\carmi\AI\services\codex_bridge\ops_mcp_server.py","602","service_state_processes"
"ops_mcp_server.py","C:\Users\carmi\AI\services\codex_bridge\ops_mcp_server.py","659","_path_in_root"
"ops_mcp_server.py","C:\Users\carmi\AI\services\codex_bridge\ops_mcp_server.py","668","_default_log_paths"
"ops_mcp_server.py","C:\Users\carmi\AI\services\codex_bridge\ops_mcp_server.py","677","_read_tail"
"ops_mcp_server.py","C:\Users\carmi\AI\services\codex_bridge\ops_mcp_server.py","688","service_state_logs"
"ops_mcp_server.py","C:\Users\carmi\AI\services\codex_bridge\ops_mcp_server.py","737","service_state_snapshot"
"ops_mcp_server.py","C:\Users\carmi\AI\services\codex_bridge\ops_mcp_server.py","753","_tools"
"ops_mcp_server.py","C:\Users\carmi\AI\services\codex_bridge\ops_mcp_server.py","756","health"
"ops_mcp_server.py","C:\Users\carmi\AI\services\codex_bridge\ops_mcp_server.py","764","mcp_inventory_health"
"ops_mcp_server.py","C:\Users\carmi\AI\services\codex_bridge\ops_mcp_server.py","777","service_health"
"ops_mcp_server.py","C:\Users\carmi\AI\services\codex_bridge\ops_mcp_server.py","887","main"
"prettier_mcp_server.py","C:\Users\carmi\AI\services\codex_bridge\prettier_mcp_server.py","18","_log"
"prettier_mcp_server.py","C:\Users\carmi\AI\services\codex_bridge\prettier_mcp_server.py","22","find_prettier"
"prettier_mcp_server.py","C:\Users\carmi\AI\services\codex_bridge\prettier_mcp_server.py","46","run_prettier"
"prettier_mcp_server.py","C:\Users\carmi\AI\services\codex_bridge\prettier_mcp_server.py","168","handle_format_file"
"prettier_mcp_server.py","C:\Users\carmi\AI\services\codex_bridge\prettier_mcp_server.py","178","handle_format_file_write"
"prettier_mcp_server.py","C:\Users\carmi\AI\services\codex_bridge\prettier_mcp_server.py","188","handle_format_stdin"
"prettier_mcp_server.py","C:\Users\carmi\AI\services\codex_bridge\prettier_mcp_server.py","212","handle_list_parsers"
"prettier_mcp_server.py","C:\Users\carmi\AI\services\codex_bridge\prettier_mcp_server.py","233","health"
"prettier_mcp_server.py","C:\Users\carmi\AI\services\codex_bridge\prettier_mcp_server.py","245","handle_request"
"prettier_mcp_server.py","C:\Users\carmi\AI\services\codex_bridge\prettier_mcp_server.py","276","serve"
"project_memory_mcp_server.py","C:\Users\carmi\AI\services\codex_bridge\project_memory_mcp_server.py","47","_diagnostic_preview"
"project_memory_mcp_server.py","C:\Users\carmi\AI\services\codex_bridge\project_memory_mcp_server.py","58","_now_iso"
"project_memory_mcp_server.py","C:\Users\carmi\AI\services\codex_bridge\project_memory_mcp_server.py","62","_json_text_sorted"
"project_memory_mcp_server.py","C:\Users\carmi\AI\services\codex_bridge\project_memory_mcp_server.py","66","_value_hash"
"project_memory_mcp_server.py","C:\Users\carmi\AI\services\codex_bridge\project_memory_mcp_server.py","70","_record_id"
"project_memory_mcp_server.py","C:\Users\carmi\AI\services\codex_bridge\project_memory_mcp_server.py","75","_memory_db"
"project_memory_mcp_server.py","C:\Users\carmi\AI\services\codex_bridge\project_memory_mcp_server.py","85","_path_is_under"
"project_memory_mcp_server.py","C:\Users\carmi\AI\services\codex_bridge\project_memory_mcp_server.py","93","_db_allowed"
"project_memory_mcp_server.py","C:\Users\carmi\AI\services\codex_bridge\project_memory_mcp_server.py","97","_connect"
"project_memory_mcp_server.py","C:\Users\carmi\AI\services\codex_bridge\project_memory_mcp_server.py","112","_sqlite_failure_payload"
"project_memory_mcp_server.py","C:\Users\carmi\AI\services\codex_bridge\project_memory_mcp_server.py","132","_rollback_quietly"
"project_memory_mcp_server.py","C:\Users\carmi\AI\services\codex_bridge\project_memory_mcp_server.py","140","_ensure_schema"
"project_memory_mcp_server.py","C:\Users\carmi\AI\services\codex_bridge\project_memory_mcp_server.py","177","_git_context"
"project_memory_mcp_server.py","C:\Users\carmi\AI\services\codex_bridge\project_memory_mcp_server.py","186","_validate_key"
"project_memory_mcp_server.py","C:\Users\carmi\AI\services\codex_bridge\project_memory_mcp_server.py","195","_validate_scope"
"project_memory_mcp_server.py","C:\Users\carmi\AI\services\codex_bridge\project_memory_mcp_server.py","202","_validate_source_type"
"project_memory_mcp_server.py","C:\Users\carmi\AI\services\codex_bridge\project_memory_mcp_server.py","214","_validate_status"
"project_memory_mcp_server.py","C:\Users\carmi\AI\services\codex_bridge\project_memory_mcp_server.py","221","_parse_json"
"project_memory_mcp_server.py","C:\Users\carmi\AI\services\codex_bridge\project_memory_mcp_server.py","230","_parse_tags"
"project_memory_mcp_server.py","C:\Users\carmi\AI\services\codex_bridge\project_memory_mcp_server.py","242","_parse_metadata"
"project_memory_mcp_server.py","C:\Users\carmi\AI\services\codex_bridge\project_memory_mcp_server.py","247","_search_terms"
"project_memory_mcp_server.py","C:\Users\carmi\AI\services\codex_bridge\project_memory_mcp_server.py","259","_escape_like"
"project_memory_mcp_server.py","C:\Users\carmi\AI\services\codex_bridge\project_memory_mcp_server.py","263","_record_search_text"
"project_memory_mcp_server.py","C:\Users\carmi\AI\services\codex_bridge\project_memory_mcp_server.py","275","_source_file_resolution"
"project_memory_mcp_server.py","C:\Users\carmi\AI\services\codex_bridge\project_memory_mcp_server.py","308","_source_file_path"
"project_memory_mcp_server.py","C:\Users\carmi\AI\services\codex_bridge\project_memory_mcp_server.py","313","_job_roots"
"project_memory_mcp_server.py","C:\Users\carmi\AI\services\codex_bridge\project_memory_mcp_server.py","323","_verify_source"
"project_memory_mcp_server.py","C:\Users\carmi\AI\services\codex_bridge\project_memory_mcp_server.py","438","_row_to_record"
"project_memory_mcp_server.py","C:\Users\carmi\AI\services\codex_bridge\project_memory_mcp_server.py","447","_active_identity_row"
"project_memory_mcp_server.py","C:\Users\carmi\AI\services\codex_bridge\project_memory_mcp_server.py","461","_record_by_id"
"project_memory_mcp_server.py","C:\Users\carmi\AI\services\codex_bridge\project_memory_mcp_server.py","465","_resolve_record"
"project_memory_mcp_server.py","C:\Users\carmi\AI\services\codex_bridge\project_memory_mcp_server.py","490","_health"
"project_memory_mcp_server.py","C:\Users\carmi\AI\services\codex_bridge\project_memory_mcp_server.py","512","_search"
"project_memory_mcp_server.py","C:\Users\carmi\AI\services\codex_bridge\project_memory_mcp_server.py","594","_get"
"project_memory_mcp_server.py","C:\Users\carmi\AI\services\codex_bridge\project_memory_mcp_server.py","619","_upsert_verified"
"project_memory_mcp_server.py","C:\Users\carmi\AI\services\codex_bridge\project_memory_mcp_server.py","791","_mark_stale"
"project_memory_mcp_server.py","C:\Users\carmi\AI\services\codex_bridge\project_memory_mcp_server.py","869","_supersede"
"project_memory_mcp_server.py","C:\Users\carmi\AI\services\codex_bridge\project_memory_mcp_server.py","926","_audit_sources"
"project_memory_mcp_server.py","C:\Users\carmi\AI\services\codex_bridge\project_memory_mcp_server.py","995","_tools"
"project_memory_mcp_server.py","C:\Users\carmi\AI\services\codex_bridge\project_memory_mcp_server.py","998","health"
"project_memory_mcp_server.py","C:\Users\carmi\AI\services\codex_bridge\project_memory_mcp_server.py","1123","main"
"rag_index_repo.py","C:\Users\carmi\AI\services\codex_bridge\rag_index_repo.py","53","_default_db"
"rag_index_repo.py","C:\Users\carmi\AI\services\codex_bridge\rag_index_repo.py","58","_git_candidate_paths"
"rag_index_repo.py","C:\Users\carmi\AI\services\codex_bridge\rag_index_repo.py","80","_iter_git_files"
"rag_index_repo.py","C:\Users\carmi\AI\services\codex_bridge\rag_index_repo.py","94","_iter_filesystem_files"
"rag_index_repo.py","C:\Users\carmi\AI\services\codex_bridge\rag_index_repo.py","116","_iter_files"
"rag_index_repo.py","C:\Users\carmi\AI\services\codex_bridge\rag_index_repo.py","126","_read_text"
"rag_index_repo.py","C:\Users\carmi\AI\services\codex_bridge\rag_index_repo.py","146","_guess_symbol"
"rag_index_repo.py","C:\Users\carmi\AI\services\codex_bridge\rag_index_repo.py","158","_chunk_lines"
"rag_index_repo.py","C:\Users\carmi\AI\services\codex_bridge\rag_index_repo.py","175","_connect"
"rag_index_repo.py","C:\Users\carmi\AI\services\codex_bridge\rag_index_repo.py","184","_drop_schema"
"rag_index_repo.py","C:\Users\carmi\AI\services\codex_bridge\rag_index_repo.py","198","_ensure_schema"
"rag_index_repo.py","C:\Users\carmi\AI\services\codex_bridge\rag_index_repo.py","261","_init_schema"
"rag_index_repo.py","C:\Users\carmi\AI\services\codex_bridge\rag_index_repo.py","266","_upsert_meta"
"rag_index_repo.py","C:\Users\carmi\AI\services\codex_bridge\rag_index_repo.py","276","_read_file_hash"
"rag_index_repo.py","C:\Users\carmi\AI\services\codex_bridge\rag_index_repo.py","286","_delete_path"
"rag_index_repo.py","C:\Users\carmi\AI\services\codex_bridge\rag_index_repo.py","291","_upsert_file_record"
"rag_index_repo.py","C:\Users\carmi\AI\services\codex_bridge\rag_index_repo.py","314","_index_file"
"rag_index_repo.py","C:\Users\carmi\AI\services\codex_bridge\rag_index_repo.py","363","_chunk_count"
"rag_index_repo.py","C:\Users\carmi\AI\services\codex_bridge\rag_index_repo.py","368","_file_count"
"rag_index_repo.py","C:\Users\carmi\AI\services\codex_bridge\rag_index_repo.py","373","build_index"
"rag_index_repo.py","C:\Users\carmi\AI\services\codex_bridge\rag_index_repo.py","490","_parse_csv"
"rag_index_repo.py","C:\Users\carmi\AI\services\codex_bridge\rag_index_repo.py","494","main"
"rag_mcp_server.py","C:\Users\carmi\AI\services\codex_bridge\rag_mcp_server.py","68","_log"
"rag_mcp_server.py","C:\Users\carmi\AI\services\codex_bridge\rag_mcp_server.py","75","_env_path"
"rag_mcp_server.py","C:\Users\carmi\AI\services\codex_bridge\rag_mcp_server.py","80","_default_db"
"rag_mcp_server.py","C:\Users\carmi\AI\services\codex_bridge\rag_mcp_server.py","85","_db_path"
"rag_mcp_server.py","C:\Users\carmi\AI\services\codex_bridge\rag_mcp_server.py","89","_repo_root"
"rag_mcp_server.py","C:\Users\carmi\AI\services\codex_bridge\rag_mcp_server.py","100","_parse_csv"
"rag_mcp_server.py","C:\Users\carmi\AI\services\codex_bridge\rag_mcp_server.py","109","_git_candidate_count"
"rag_mcp_server.py","C:\Users\carmi\AI\services\codex_bridge\rag_mcp_server.py","117","subprocess_run_git_candidate_count"
"rag_mcp_server.py","C:\Users\carmi\AI\services\codex_bridge\rag_mcp_server.py","136","_connect_readonly"
"rag_mcp_server.py","C:\Users\carmi\AI\services\codex_bridge\rag_mcp_server.py","143","_read_message"
"rag_mcp_server.py","C:\Users\carmi\AI\services\codex_bridge\rag_mcp_server.py","191","_write_message"
"rag_mcp_server.py","C:\Users\carmi\AI\services\codex_bridge\rag_mcp_server.py","201","_http_json"
"rag_mcp_server.py","C:\Users\carmi\AI\services\codex_bridge\rag_mcp_server.py","219","_reranker_ready"
"rag_mcp_server.py","C:\Users\carmi\AI\services\codex_bridge\rag_mcp_server.py","228","_db_inspect"
"rag_mcp_server.py","C:\Users\carmi\AI\services\codex_bridge\rag_mcp_server.py","267","_git_head"
"rag_mcp_server.py","C:\Users\carmi\AI\services\codex_bridge\rag_mcp_server.py","284","_safe_rag_metadata"
"rag_mcp_server.py","C:\Users\carmi\AI\services\codex_bridge\rag_mcp_server.py","316","_fts_query"
"rag_mcp_server.py","C:\Users\carmi\AI\services\codex_bridge\rag_mcp_server.py","327","_fallback_like_query"
"rag_mcp_server.py","C:\Users\carmi\AI\services\codex_bridge\rag_mcp_server.py","342","_fts_candidates"
"rag_mcp_server.py","C:\Users\carmi\AI\services\codex_bridge\rag_mcp_server.py","372","_parse_rerank_results"
"rag_mcp_server.py","C:\Users\carmi\AI\services\codex_bridge\rag_mcp_server.py","398","_rerank"
"rag_mcp_server.py","C:\Users\carmi\AI\services\codex_bridge\rag_mcp_server.py","526","_env_int"
"rag_mcp_server.py","C:\Users\carmi\AI\services\codex_bridge\rag_mcp_server.py","530","_env_float"
"rag_mcp_server.py","C:\Users\carmi\AI\services\codex_bridge\rag_mcp_server.py","534","_search"
"rag_mcp_server.py","C:\Users\carmi\AI\services\codex_bridge\rag_mcp_server.py","634","_index_status"
"rag_mcp_server.py","C:\Users\carmi\AI\services\codex_bridge\rag_mcp_server.py","662","_reindex"
"rag_mcp_server.py","C:\Users\carmi\AI\services\codex_bridge\rag_mcp_server.py","696","_handle_context_tool"
"rag_mcp_server.py","C:\Users\carmi\AI\services\codex_bridge\rag_mcp_server.py","727","_handle_status_tool"
"rag_mcp_server.py","C:\Users\carmi\AI\services\codex_bridge\rag_mcp_server.py","731","_handle_reindex_tool"
"rag_mcp_server.py","C:\Users\carmi\AI\services\codex_bridge\rag_mcp_server.py","797","_handle_rpc"
"rag_mcp_server.py","C:\Users\carmi\AI\services\codex_bridge\rag_mcp_server.py","842","main"
"repo_code_change_set.py","C:\Users\carmi\AI\services\codex_bridge\repo_code_change_set.py","33","__init__"
"repo_code_change_set.py","C:\Users\carmi\AI\services\codex_bridge\repo_code_change_set.py","39","normalize_unified_diff_text"
"repo_code_change_set.py","C:\Users\carmi\AI\services\codex_bridge\repo_code_change_set.py","43","inline_diff_from_args"
"repo_code_change_set.py","C:\Users\carmi\AI\services\codex_bridge\repo_code_change_set.py","57","_structured_text"
"repo_code_change_set.py","C:\Users\carmi\AI\services\codex_bridge\repo_code_change_set.py","86","_newline_policy"
"repo_code_change_set.py","C:\Users\carmi\AI\services\codex_bridge\repo_code_change_set.py","106","_normalize_inserted_newlines"
"repo_code_change_set.py","C:\Users\carmi\AI\services\codex_bridge\repo_code_change_set.py","117","_complete_unified_diff_lines"
"repo_code_change_set.py","C:\Users\carmi\AI\services\codex_bridge\repo_code_change_set.py","130","_structured_file_diff"
"repo_code_change_set.py","C:\Users\carmi\AI\services\codex_bridge\repo_code_change_set.py","159","build_structured_edit_diff"
"repo_code_change_set.py","C:\Users\carmi\AI\services\codex_bridge\repo_code_change_set.py","383","_git_head"
"repo_code_change_set.py","C:\Users\carmi\AI\services\codex_bridge\repo_code_change_set.py","401","_strip_patch_prefix"
"repo_code_change_set.py","C:\Users\carmi\AI\services\codex_bridge\repo_code_change_set.py","412","_safe_target_path"
"repo_code_change_set.py","C:\Users\carmi\AI\services\codex_bridge\repo_code_change_set.py","431","_line_count"
"repo_code_change_set.py","C:\Users\carmi\AI\services\codex_bridge\repo_code_change_set.py","438","inspect_unified_diff"
"repo_code_change_set.py","C:\Users\carmi\AI\services\codex_bridge\repo_code_change_set.py","551","_change_set_root"
"repo_code_change_set.py","C:\Users\carmi\AI\services\codex_bridge\repo_code_change_set.py","555","_atomic_write"
"repo_code_change_set.py","C:\Users\carmi\AI\services\codex_bridge\repo_code_change_set.py","566","_change_set_id"
"repo_code_change_set.py","C:\Users\carmi\AI\services\codex_bridge\repo_code_change_set.py","573","materialize_change_set"
"repo_code_change_set.py","C:\Users\carmi\AI\services\codex_bridge\repo_code_change_set.py","607","_load_change_set"
"repo_code_change_set.py","C:\Users\carmi\AI\services\codex_bridge\repo_code_change_set.py","679","resolve_change_set"
"repo_code_change_set.py","C:\Users\carmi\AI\services\codex_bridge\repo_code_change_set.py","698","verify_change_set_preimages"
"repo_code_change_set.py","C:\Users\carmi\AI\services\codex_bridge\repo_code_change_set.py","720","public_change_set_fields"
"repo_code_change_set.py","C:\Users\carmi\AI\services\codex_bridge\repo_code_change_set.py","734","change_set_error_payload"
"repo_code_mcp_server.py","C:\Users\carmi\AI\services\codex_bridge\repo_code_mcp_server.py","44","__init__"
"repo_code_mcp_server.py","C:\Users\carmi\AI\services\codex_bridge\repo_code_mcp_server.py","51","get"
"repo_code_mcp_server.py","C:\Users\carmi\AI\services\codex_bridge\repo_code_mcp_server.py","64","put"
"repo_code_mcp_server.py","C:\Users\carmi\AI\services\codex_bridge\repo_code_mcp_server.py","82","clear"
"repo_code_mcp_server.py","C:\Users\carmi\AI\services\codex_bridge\repo_code_mcp_server.py","87","stats"
"repo_code_mcp_server.py","C:\Users\carmi\AI\services\codex_bridge\repo_code_mcp_server.py","99","__init__"
"repo_code_mcp_server.py","C:\Users\carmi\AI\services\codex_bridge\repo_code_mcp_server.py","114","to_dict"
"repo_code_mcp_server.py","C:\Users\carmi\AI\services\codex_bridge\repo_code_mcp_server.py","131","context_preservation_layer"
"repo_code_mcp_server.py","C:\Users\carmi\AI\services\codex_bridge\repo_code_mcp_server.py","141","enum_string_prop"
"repo_code_mcp_server.py","C:\Users\carmi\AI\services\codex_bridge\repo_code_mcp_server.py","146","_report_only"
"repo_code_mcp_server.py","C:\Users\carmi\AI\services\codex_bridge\repo_code_mcp_server.py","150","wrapped"
"repo_code_mcp_server.py","C:\Users\carmi\AI\services\codex_bridge\repo_code_mcp_server.py","176","_guarded_source_write"
"repo_code_mcp_server.py","C:\Users\carmi\AI\services\codex_bridge\repo_code_mcp_server.py","180","wrapped"
"repo_code_mcp_server.py","C:\Users\carmi\AI\services\codex_bridge\repo_code_mcp_server.py","215","_tools"
"repo_code_mcp_server.py","C:\Users\carmi\AI\services\codex_bridge\repo_code_mcp_server.py","240","with_change_set_fields"
"repo_code_mcp_server.py","C:\Users\carmi\AI\services\codex_bridge\repo_code_mcp_server.py","257","propose_edit"
"repo_code_mcp_server.py","C:\Users\carmi\AI\services\codex_bridge\repo_code_mcp_server.py","367","resolve_and_call"
"repo_code_mcp_server.py","C:\Users\carmi\AI\services\codex_bridge\repo_code_mcp_server.py","384","validate_unified_diff"
"repo_code_mcp_server.py","C:\Users\carmi\AI\services\codex_bridge\repo_code_mcp_server.py","392","check_unified_diff"
"repo_code_mcp_server.py","C:\Users\carmi\AI\services\codex_bridge\repo_code_mcp_server.py","400","apply_patch"
"repo_code_mcp_server.py","C:\Users\carmi\AI\services\codex_bridge\repo_code_mcp_server.py","435","health"
"repo_code_mcp_server.py","C:\Users\carmi\AI\services\codex_bridge\repo_code_mcp_server.py","647","_self_test_git"
"repo_code_mcp_server.py","C:\Users\carmi\AI\services\codex_bridge\repo_code_mcp_server.py","663","_self_test_write"
"repo_code_mcp_server.py","C:\Users\carmi\AI\services\codex_bridge\repo_code_mcp_server.py","669","_self_test_repo"
"repo_code_mcp_server.py","C:\Users\carmi\AI\services\codex_bridge\repo_code_mcp_server.py","681","_repo_code_self_test"
"repo_code_mcp_server.py","C:\Users\carmi\AI\services\codex_bridge\repo_code_mcp_server.py","691","select_root"
"repo_code_mcp_server.py","C:\Users\carmi\AI\services\codex_bridge\repo_code_mcp_server.py","695","call"
"repo_code_mcp_server.py","C:\Users\carmi\AI\services\codex_bridge\repo_code_mcp_server.py","712","artifact_count"
"repo_code_mcp_server.py","C:\Users\carmi\AI\services\codex_bridge\repo_code_mcp_server.py","1149","main"
"repo_mcp_common.py","C:\Users\carmi\AI\services\codex_bridge\repo_mcp_common.py","48","log"
"repo_mcp_common.py","C:\Users\carmi\AI\services\codex_bridge\repo_mcp_common.py","53","json_dumps"
"repo_mcp_common.py","C:\Users\carmi\AI\services\codex_bridge\repo_mcp_common.py","59","compact_text"
"repo_mcp_common.py","C:\Users\carmi\AI\services\codex_bridge\repo_mcp_common.py","67","tool_content"
"repo_mcp_common.py","C:\Users\carmi\AI\services\codex_bridge\repo_mcp_common.py","71","ok"
"repo_mcp_common.py","C:\Users\carmi\AI\services\codex_bridge\repo_mcp_common.py","75","err"
"repo_mcp_common.py","C:\Users\carmi\AI\services\codex_bridge\repo_mcp_common.py","82","path_git_root"
"repo_mcp_common.py","C:\Users\carmi\AI\services\codex_bridge\repo_mcp_common.py","95","env_existing_root"
"repo_mcp_common.py","C:\Users\carmi\AI\services\codex_bridge\repo_mcp_common.py","105","selected_repo_root"
"repo_mcp_common.py","C:\Users\carmi\AI\services\codex_bridge\repo_mcp_common.py","123","selected_repo_root_source"
"repo_mcp_common.py","C:\Users\carmi\AI\services\codex_bridge\repo_mcp_common.py","142","sync_broker_import_root"
"repo_mcp_common.py","C:\Users\carmi\AI\services\codex_bridge\repo_mcp_common.py","153","run_git"
"repo_mcp_common.py","C:\Users\carmi\AI\services\codex_bridge\repo_mcp_common.py","165","git_info"
"repo_mcp_common.py","C:\Users\carmi\AI\services\codex_bridge\repo_mcp_common.py","182","health_payload"
"repo_mcp_common.py","C:\Users\carmi\AI\services\codex_bridge\repo_mcp_common.py","206","read_message"
"repo_mcp_common.py","C:\Users\carmi\AI\services\codex_bridge\repo_mcp_common.py","254","write_message"
"repo_mcp_common.py","C:\Users\carmi\AI\services\codex_bridge\repo_mcp_common.py","264","tool_list_payload"
"repo_mcp_common.py","C:\Users\carmi\AI\services\codex_bridge\repo_mcp_common.py","277","_has_value"
"repo_mcp_common.py","C:\Users\carmi\AI\services\codex_bridge\repo_mcp_common.py","287","_matches_json_type"
"repo_mcp_common.py","C:\Users\carmi\AI\services\codex_bridge\repo_mcp_common.py","305","_type_names"
"repo_mcp_common.py","C:\Users\carmi\AI\services\codex_bridge\repo_mcp_common.py","313","_validate_property"
"repo_mcp_common.py","C:\Users\carmi\AI\services\codex_bridge\repo_mcp_common.py","351","validate_arguments"
"repo_mcp_common.py","C:\Users\carmi\AI\services\codex_bridge\repo_mcp_common.py","388","result_is_error"
"repo_mcp_common.py","C:\Users\carmi\AI\services\codex_bridge\repo_mcp_common.py","392","call_tool"
"repo_mcp_common.py","C:\Users\carmi\AI\services\codex_bridge\repo_mcp_common.py","417","handle_request"
"repo_mcp_common.py","C:\Users\carmi\AI\services\codex_bridge\repo_mcp_common.py","451","serve"
"repo_mcp_common.py","C:\Users\carmi\AI\services\codex_bridge\repo_mcp_common.py","468","mcp_text_result"
"repo_mcp_common.py","C:\Users\carmi\AI\services\codex_bridge\repo_mcp_common.py","484","self_test"
"repo_mcp_common.py","C:\Users\carmi\AI\services\codex_bridge\repo_mcp_common.py","553","object_schema"
"repo_mcp_common.py","C:\Users\carmi\AI\services\codex_bridge\repo_mcp_common.py","566","string_prop"
"repo_mcp_common.py","C:\Users\carmi\AI\services\codex_bridge\repo_mcp_common.py","574","string_array_prop"
"repo_mcp_common.py","C:\Users\carmi\AI\services\codex_bridge\repo_mcp_common.py","582","integer_prop"
"repo_mcp_common.py","C:\Users\carmi\AI\services\codex_bridge\repo_mcp_common.py","587","boolean_prop"
"repo_mcp_common.py","C:\Users\carmi\AI\services\codex_bridge\repo_mcp_common.py","592","string_prop_with_enum"
"repo_mcp_common.py","C:\Users\carmi\AI\services\codex_bridge\repo_mcp_common.py","604","object_prop"
"repo_mcp_common.py","C:\Users\carmi\AI\services\codex_bridge\repo_mcp_common.py","611","safe_int"
"repo_mcp_common.py","C:\Users\carmi\AI\services\codex_bridge\repo_mcp_common.py","622","safe_float"
"repo_mcp_common.py","C:\Users\carmi\AI\services\codex_bridge\repo_mcp_common.py","633","safe_bool"
"repo_mcp_common.py","C:\Users\carmi\AI\services\codex_bridge\repo_mcp_common.py","644","json_text"
"repo_mcp_common.py","C:\Users\carmi\AI\services\codex_bridge\repo_mcp_common.py","649","json_path_select"
"repo_probe_profiles.py","C:\Users\carmi\AI\services\codex_bridge\repo_probe_profiles.py","236","_module_origin_status"
"repo_probe_profiles.py","C:\Users\carmi\AI\services\codex_bridge\repo_probe_profiles.py","278","_bounded_int"
"repo_probe_profiles.py","C:\Users\carmi\AI\services\codex_bridge\repo_probe_profiles.py","296","_hypothesis_info"
"repo_probe_profiles.py","C:\Users\carmi\AI\services\codex_bridge\repo_probe_profiles.py","323","repo_probe_profiles"
"repo_probe_profiles.py","C:\Users\carmi\AI\services\codex_bridge\repo_probe_profiles.py","342","_case"
"repo_probe_profiles.py","C:\Users\carmi\AI\services\codex_bridge\repo_probe_profiles.py","366","_orientation_call"
"repo_probe_profiles.py","C:\Users\carmi\AI\services\codex_bridge\repo_probe_profiles.py","377","post_json"
"repo_probe_profiles.py","C:\Users\carmi\AI\services\codex_bridge\repo_probe_profiles.py","420","_deterministic_orientation_profile"
"repo_probe_profiles.py","C:\Users\carmi\AI\services\codex_bridge\repo_probe_profiles.py","429","valid_envelope"
"repo_probe_profiles.py","C:\Users\carmi\AI\services\codex_bridge\repo_probe_profiles.py","507","duplicate_and_unknown"
"repo_probe_profiles.py","C:\Users\carmi\AI\services\codex_bridge\repo_probe_profiles.py","544","backend_error"
"repo_probe_profiles.py","C:\Users\carmi\AI\services\codex_bridge\repo_probe_profiles.py","566","backend_exception"
"repo_probe_profiles.py","C:\Users\carmi\AI\services\codex_bridge\repo_probe_profiles.py","567","raise_connection"
"repo_probe_profiles.py","C:\Users\carmi\AI\services\codex_bridge\repo_probe_profiles.py","584","invalid_json"
"repo_probe_profiles.py","C:\Users\carmi\AI\services\codex_bridge\repo_probe_profiles.py","598","json_list"
"repo_probe_profiles.py","C:\Users\carmi\AI\services\codex_bridge\repo_probe_profiles.py","612","message_not_dict"
"repo_probe_profiles.py","C:\Users\carmi\AI\services\codex_bridge\repo_probe_profiles.py","624","bool_confidence"
"repo_probe_profiles.py","C:\Users\carmi\AI\services\codex_bridge\repo_probe_profiles.py","640","direct_dict_compatibility"
"repo_probe_profiles.py","C:\Users\carmi\AI\services\codex_bridge\repo_probe_profiles.py","661","first_non_empty_ollama_content"
"repo_probe_profiles.py","C:\Users\carmi\AI\services\codex_bridge\repo_probe_profiles.py","709","duplicate_input_candidate_ids_are_unique"
"repo_probe_profiles.py","C:\Users\carmi\AI\services\codex_bridge\repo_probe_profiles.py","762","model_response"
"repo_probe_profiles.py","C:\Users\carmi\AI\services\codex_bridge\repo_probe_profiles.py","809","valid_bounded_signals_are_preserved"
"repo_probe_profiles.py","C:\Users\carmi\AI\services\codex_bridge\repo_probe_profiles.py","856","capture_request"
"repo_probe_profiles.py","C:\Users\carmi\AI\services\codex_bridge\repo_probe_profiles.py","905","oversized_candidate_id"
"repo_probe_profiles.py","C:\Users\carmi\AI\services\codex_bridge\repo_probe_profiles.py","947","empty_authorized_pool"
"repo_probe_profiles.py","C:\Users\carmi\AI\services\codex_bridge\repo_probe_profiles.py","980","raise_empty_pool_error"
"repo_probe_profiles.py","C:\Users\carmi\AI\services\codex_bridge\repo_probe_profiles.py","1005","backend_errors_are_bounded"
"repo_probe_profiles.py","C:\Users\carmi\AI\services\codex_bridge\repo_probe_profiles.py","1057","semantic_intent_non_json_native"
"repo_probe_profiles.py","C:\Users\carmi\AI\services\codex_bridge\repo_probe_profiles.py","1114","_hypothesis_orientation_profile"
"repo_probe_profiles.py","C:\Users\carmi\AI\services\codex_bridge\repo_probe_profiles.py","1168","run_property"
"repo_probe_profiles.py","C:\Users\carmi\AI\services\codex_bridge\repo_probe_profiles.py","1192","property_extractor_never_raises"
"repo_probe_profiles.py","C:\Users\carmi\AI\services\codex_bridge\repo_probe_profiles.py","1196","check"
"repo_probe_profiles.py","C:\Users\carmi\AI\services\codex_bridge\repo_probe_profiles.py","1208","property_sanitizer_preserves_allowlist"
"repo_probe_profiles.py","C:\Users\carmi\AI\services\codex_bridge\repo_probe_profiles.py","1222","check"
"repo_probe_profiles.py","C:\Users\carmi\AI\services\codex_bridge\repo_probe_profiles.py","1272","_required_callable"
"repo_probe_profiles.py","C:\Users\carmi\AI\services\codex_bridge\repo_probe_profiles.py","1282","_fixture_candidate_pool"
"repo_probe_profiles.py","C:\Users\carmi\AI\services\codex_bridge\repo_probe_profiles.py","1336","_deterministic_orientation_shadow_helpers_profile"
"repo_probe_profiles.py","C:\Users\carmi\AI\services\codex_bridge\repo_probe_profiles.py","1351","case_active_mode_fails_closed_to_legacy"
"repo_probe_profiles.py","C:\Users\carmi\AI\services\codex_bridge\repo_probe_profiles.py","1361","case_legacy_mode_never_requests_shadow"
"repo_probe_profiles.py","C:\Users\carmi\AI\services\codex_bridge\repo_probe_profiles.py","1374","case_shadow_mode_is_exact_only"
"repo_probe_profiles.py","C:\Users\carmi\AI\services\codex_bridge\repo_probe_profiles.py","1456","case_legacy_selection_uses_executed_plans"
"repo_probe_profiles.py","C:\Users\carmi\AI\services\codex_bridge\repo_probe_profiles.py","1470","case_legacy_selection_ignores_unknown_paths"
"repo_probe_profiles.py","C:\Users\carmi\AI\services\codex_bridge\repo_probe_profiles.py","1486","case_legacy_selection_preserves_doc_then_area_order"
"repo_probe_profiles.py","C:\Users\carmi\AI\services\codex_bridge\repo_probe_profiles.py","1515","case_legacy_selection_deduplicates_candidate_ids"
"repo_probe_profiles.py","C:\Users\carmi\AI\services\codex_bridge\repo_probe_profiles.py","1542","case_legacy_selection_handles_missing_or_malformed_plans"
"repo_probe_profiles.py","C:\Users\carmi\AI\services\codex_bridge\repo_probe_profiles.py","1600","case_legacy_selection_handles_malformed_candidate_pool"
"repo_probe_profiles.py","C:\Users\carmi\AI\services\codex_bridge\repo_probe_profiles.py","1642","case_legacy_selection_distinguishes_doc_and_area_same_path"
"repo_probe_profiles.py","C:\Users\carmi\AI\services\codex_bridge\repo_probe_profiles.py","1697","case_selection_metrics_exact_match"
"repo_probe_profiles.py","C:\Users\carmi\AI\services\codex_bridge\repo_probe_profiles.py","1713","case_selection_metrics_partial_overlap"
"repo_probe_profiles.py","C:\Users\carmi\AI\services\codex_bridge\repo_probe_profiles.py","1729","case_selection_metrics_empty_model_selection"
"repo_probe_profiles.py","C:\Users\carmi\AI\services\codex_bridge\repo_probe_profiles.py","1745","case_selection_metrics_bounds_and_input_immutability"
"repo_probe_profiles.py","C:\Users\carmi\AI\services\codex_bridge\repo_probe_profiles.py","1789","_deterministic_orientation_shadow_evaluator_profile"
"repo_probe_profiles.py","C:\Users\carmi\AI\services\codex_bridge\repo_probe_profiles.py","1825","invoke"
"repo_probe_profiles.py","C:\Users\carmi\AI\services\codex_bridge\repo_probe_profiles.py","1947","ready_selector"
"repo_probe_profiles.py","C:\Users\carmi\AI\services\codex_bridge\repo_probe_profiles.py","1950","_raise_assertion_error"
"repo_probe_profiles.py","C:\Users\carmi\AI\services\codex_bridge\repo_probe_profiles.py","1953","_raise_runtime_error"
"repo_probe_profiles.py","C:\Users\carmi\AI\services\codex_bridge\repo_probe_profiles.py","1956","_raise_value_error"
"repo_probe_profiles.py","C:\Users\carmi\AI\services\codex_bridge\repo_probe_profiles.py","1959","_raise_connection_error"
"repo_probe_profiles.py","C:\Users\carmi\AI\services\codex_bridge\repo_probe_profiles.py","1962","case_legacy_mode_skips_shadow_callbacks"
"repo_probe_profiles.py","C:\Users\carmi\AI\services\codex_bridge\repo_probe_profiles.py","1992","case_active_mode_fails_closed_to_legacy"
"repo_probe_profiles.py","C:\Users\carmi\AI\services\codex_bridge\repo_probe_profiles.py","2020","case_root_result_must_be_ok"
"repo_probe_profiles.py","C:\Users\carmi\AI\services\codex_bridge\repo_probe_profiles.py","2026","forbidden_candidate_pool"
"repo_probe_profiles.py","C:\Users\carmi\AI\services\codex_bridge\repo_probe_profiles.py","2029","forbidden_selector"
"repo_probe_profiles.py","C:\Users\carmi\AI\services\codex_bridge\repo_probe_profiles.py","2032","forbidden_legacy"
"repo_probe_profiles.py","C:\Users\carmi\AI\services\codex_bridge\repo_probe_profiles.py","2035","forbidden_metrics"
"repo_probe_profiles.py","C:\Users\carmi\AI\services\codex_bridge\repo_probe_profiles.py","2067","case_empty_candidate_pool_skips_selector"
"repo_probe_profiles.py","C:\Users\carmi\AI\services\codex_bridge\repo_probe_profiles.py","2075","empty_pool"
"repo_probe_profiles.py","C:\Users\carmi\AI\services\codex_bridge\repo_probe_profiles.py","2080","forbidden_selector"
"repo_probe_profiles.py","C:\Users\carmi\AI\services\codex_bridge\repo_probe_profiles.py","2107","case_successful_evaluation_calls_each_stage_once"
"repo_probe_profiles.py","C:\Users\carmi\AI\services\codex_bridge\repo_probe_profiles.py","2116","counting_effective_mode"
"repo_probe_profiles.py","C:\Users\carmi\AI\services\codex_bridge\repo_probe_profiles.py","2120","counting_candidate_pool"
"repo_probe_profiles.py","C:\Users\carmi\AI\services\codex_bridge\repo_probe_profiles.py","2125","counting_selector"
"repo_probe_profiles.py","C:\Users\carmi\AI\services\codex_bridge\repo_probe_profiles.py","2129","counting_legacy_selected_ids"
"repo_probe_profiles.py","C:\Users\carmi\AI\services\codex_bridge\repo_probe_profiles.py","2133","counting_selection_metrics"
"repo_probe_profiles.py","C:\Users\carmi\AI\services\codex_bridge\repo_probe_profiles.py","2175","case_legacy_plan_order_drives_comparison"
"repo_probe_profiles.py","C:\Users\carmi\AI\services\codex_bridge\repo_probe_profiles.py","2239","order_candidate_pool"
"repo_probe_profiles.py","C:\Users\carmi\AI\services\codex_bridge\repo_probe_profiles.py","2243","order_selector"
"repo_probe_profiles.py","C:\Users\carmi\AI\services\codex_bridge\repo_probe_profiles.py","2271","case_candidate_pool_failure_fails_open"
"repo_probe_profiles.py","C:\Users\carmi\AI\services\codex_bridge\repo_probe_profiles.py","2302","case_legacy_selection_failure_fails_open"
"repo_probe_profiles.py","C:\Users\carmi\AI\services\codex_bridge\repo_probe_profiles.py","2310","failing_legacy"
"repo_probe_profiles.py","C:\Users\carmi\AI\services\codex_bridge\repo_probe_profiles.py","2335","case_selector_failure_fails_open"
"repo_probe_profiles.py","C:\Users\carmi\AI\services\codex_bridge\repo_probe_profiles.py","2344","failing_selector"
"repo_probe_profiles.py","C:\Users\carmi\AI\services\codex_bridge\repo_probe_profiles.py","2369","case_selector_not_ready_fails_open"
"repo_probe_profiles.py","C:\Users\carmi\AI\services\codex_bridge\repo_probe_profiles.py","2379","bad_selector_a"
"repo_probe_profiles.py","C:\Users\carmi\AI\services\codex_bridge\repo_probe_profiles.py","2399","bad_selector_b"
"repo_probe_profiles.py","C:\Users\carmi\AI\services\codex_bridge\repo_probe_profiles.py","2426","case_evaluation_output_is_bounded"
"repo_probe_profiles.py","C:\Users\carmi\AI\services\codex_bridge\repo_probe_profiles.py","2554","case_evaluation_is_deterministic_and_input_immutable"
"repo_probe_profiles.py","C:\Users\carmi\AI\services\codex_bridge\repo_probe_profiles.py","2574","immutable_candidate_pool"
"repo_probe_profiles.py","C:\Users\carmi\AI\services\codex_bridge\repo_probe_profiles.py","2578","immutable_selector"
"repo_probe_profiles.py","C:\Users\carmi\AI\services\codex_bridge\repo_probe_profiles.py","2631","repo_probe_run"
"repo_search_det_mcp_server.py","C:\Users\carmi\AI\services\codex_bridge\repo_search_det_mcp_server.py","39","__init__"
"repo_search_det_mcp_server.py","C:\Users\carmi\AI\services\codex_bridge\repo_search_det_mcp_server.py","46","get"
"repo_search_det_mcp_server.py","C:\Users\carmi\AI\services\codex_bridge\repo_search_det_mcp_server.py","59","put"
"repo_search_det_mcp_server.py","C:\Users\carmi\AI\services\codex_bridge\repo_search_det_mcp_server.py","77","clear"
"repo_search_det_mcp_server.py","C:\Users\carmi\AI\services\codex_bridge\repo_search_det_mcp_server.py","82","stats"
"repo_search_det_mcp_server.py","C:\Users\carmi\AI\services\codex_bridge\repo_search_det_mcp_server.py","94","__init__"
"repo_search_det_mcp_server.py","C:\Users\carmi\AI\services\codex_bridge\repo_search_det_mcp_server.py","109","to_dict"
"repo_search_det_mcp_server.py","C:\Users\carmi\AI\services\codex_bridge\repo_search_det_mcp_server.py","126","_get_symbol_memory"
"repo_search_det_mcp_server.py","C:\Users\carmi\AI\services\codex_bridge\repo_search_det_mcp_server.py","135","symbol_memory_manager"
"repo_search_det_mcp_server.py","C:\Users\carmi\AI\services\codex_bridge\repo_search_det_mcp_server.py","166","_tools"
"repo_search_det_mcp_server.py","C:\Users\carmi\AI\services\codex_bridge\repo_search_det_mcp_server.py","180","health"
"repo_search_det_mcp_server.py","C:\Users\carmi\AI\services\codex_bridge\repo_search_det_mcp_server.py","183","enhanced_health"
"repo_search_det_mcp_server.py","C:\Users\carmi\AI\services\codex_bridge\repo_search_det_mcp_server.py","350","main"
"repo_state_mcp_server.py","C:\Users\carmi\AI\services\codex_bridge\repo_state_mcp_server.py","22","_tools"
"repo_state_mcp_server.py","C:\Users\carmi\AI\services\codex_bridge\repo_state_mcp_server.py","27","health"
"repo_state_mcp_server.py","C:\Users\carmi\AI\services\codex_bridge\repo_state_mcp_server.py","51","main"
"repo_symbol_index_mcp_server.py","C:\Users\carmi\AI\services\codex_bridge\repo_symbol_index_mcp_server.py","32","__init__"
"repo_symbol_index_mcp_server.py","C:\Users\carmi\AI\services\codex_bridge\repo_symbol_index_mcp_server.py","38","_init_db"
"repo_symbol_index_mcp_server.py","C:\Users\carmi\AI\services\codex_bridge\repo_symbol_index_mcp_server.py","87","_compute_file_hash"
"repo_symbol_index_mcp_server.py","C:\Users\carmi\AI\services\codex_bridge\repo_symbol_index_mcp_server.py","94","_extract_symbols"
"repo_symbol_index_mcp_server.py","C:\Users\carmi\AI\services\codex_bridge\repo_symbol_index_mcp_server.py","199","index_file"
"repo_symbol_index_mcp_server.py","C:\Users\carmi\AI\services\codex_bridge\repo_symbol_index_mcp_server.py","253","_git_candidate_paths"
"repo_symbol_index_mcp_server.py","C:\Users\carmi\AI\services\codex_bridge\repo_symbol_index_mcp_server.py","275","index_directory"
"repo_symbol_index_mcp_server.py","C:\Users\carmi\AI\services\codex_bridge\repo_symbol_index_mcp_server.py","362","query_symbols"
"repo_symbol_index_mcp_server.py","C:\Users\carmi\AI\services\codex_bridge\repo_symbol_index_mcp_server.py","421","get_symbol_summary"
"repo_symbol_index_mcp_server.py","C:\Users\carmi\AI\services\codex_bridge\repo_symbol_index_mcp_server.py","455","_get_symbol_index"
"repo_symbol_index_mcp_server.py","C:\Users\carmi\AI\services\codex_bridge\repo_symbol_index_mcp_server.py","463","_tools"
"repo_symbol_index_mcp_server.py","C:\Users\carmi\AI\services\codex_bridge\repo_symbol_index_mcp_server.py","465","health"
"repo_symbol_index_mcp_server.py","C:\Users\carmi\AI\services\codex_bridge\repo_symbol_index_mcp_server.py","529","enum_string_prop"
"repo_symbol_index_mcp_server.py","C:\Users\carmi\AI\services\codex_bridge\repo_symbol_index_mcp_server.py","532","main"
"repo_validate_mcp_server.py","C:\Users\carmi\AI\services\codex_bridge\repo_validate_mcp_server.py","45","__init__"
"repo_validate_mcp_server.py","C:\Users\carmi\AI\services\codex_bridge\repo_validate_mcp_server.py","52","get"
"repo_validate_mcp_server.py","C:\Users\carmi\AI\services\codex_bridge\repo_validate_mcp_server.py","65","put"
"repo_validate_mcp_server.py","C:\Users\carmi\AI\services\codex_bridge\repo_validate_mcp_server.py","83","clear"
"repo_validate_mcp_server.py","C:\Users\carmi\AI\services\codex_bridge\repo_validate_mcp_server.py","88","stats"
"repo_validate_mcp_server.py","C:\Users\carmi\AI\services\codex_bridge\repo_validate_mcp_server.py","100","__init__"
"repo_validate_mcp_server.py","C:\Users\carmi\AI\services\codex_bridge\repo_validate_mcp_server.py","115","to_dict"
"repo_validate_mcp_server.py","C:\Users\carmi\AI\services\codex_bridge\repo_validate_mcp_server.py","132","_get_symbol_memory"
"repo_validate_mcp_server.py","C:\Users\carmi\AI\services\codex_bridge\repo_validate_mcp_server.py","141","enhanced_context_handler"
"repo_validate_mcp_server.py","C:\Users\carmi\AI\services\codex_bridge\repo_validate_mcp_server.py","172","paths_schema"
"repo_validate_mcp_server.py","C:\Users\carmi\AI\services\codex_bridge\repo_validate_mcp_server.py","180","_tools"
"repo_validate_mcp_server.py","C:\Users\carmi\AI\services\codex_bridge\repo_validate_mcp_server.py","193","health"
"repo_validate_mcp_server.py","C:\Users\carmi\AI\services\codex_bridge\repo_validate_mcp_server.py","376","main"
"ruff_mcp_server.py","C:\Users\carmi\AI\services\codex_bridge\ruff_mcp_server.py","18","find_ruff"
"ruff_mcp_server.py","C:\Users\carmi\AI\services\codex_bridge\ruff_mcp_server.py","40","run_ruff"
"ruff_mcp_server.py","C:\Users\carmi\AI\services\codex_bridge\ruff_mcp_server.py","152","handle_check_file"
"ruff_mcp_server.py","C:\Users\carmi\AI\services\codex_bridge\ruff_mcp_server.py","162","handle_format_file"
"ruff_mcp_server.py","C:\Users\carmi\AI\services\codex_bridge\ruff_mcp_server.py","171","handle_format_file_write"
"ruff_mcp_server.py","C:\Users\carmi\AI\services\codex_bridge\ruff_mcp_server.py","180","handle_format_stdin"
"ruff_mcp_server.py","C:\Users\carmi\AI\services\codex_bridge\ruff_mcp_server.py","204","handle_list_rules"
"ruff_mcp_server.py","C:\Users\carmi\AI\services\codex_bridge\ruff_mcp_server.py","233","health"
"ruff_mcp_server.py","C:\Users\carmi\AI\services\codex_bridge\ruff_mcp_server.py","245","handle_request"
"ruff_mcp_server.py","C:\Users\carmi\AI\services\codex_bridge\ruff_mcp_server.py","276","serve"
"sqlite_readonly_mcp_server.py","C:\Users\carmi\AI\services\codex_bridge\sqlite_readonly_mcp_server.py","45","_path_is_under"
"sqlite_readonly_mcp_server.py","C:\Users\carmi\AI\services\codex_bridge\sqlite_readonly_mcp_server.py","58","_dedupe_paths"
"sqlite_readonly_mcp_server.py","C:\Users\carmi\AI\services\codex_bridge\sqlite_readonly_mcp_server.py","74","_env_allow_roots"
"sqlite_readonly_mcp_server.py","C:\Users\carmi\AI\services\codex_bridge\sqlite_readonly_mcp_server.py","87","_allowed_roots"
"sqlite_readonly_mcp_server.py","C:\Users\carmi\AI\services\codex_bridge\sqlite_readonly_mcp_server.py","91","_known_aliases"
"sqlite_readonly_mcp_server.py","C:\Users\carmi\AI\services\codex_bridge\sqlite_readonly_mcp_server.py","101","_db_from_alias"
"sqlite_readonly_mcp_server.py","C:\Users\carmi\AI\services\codex_bridge\sqlite_readonly_mcp_server.py","112","_resolve_db_path"
"sqlite_readonly_mcp_server.py","C:\Users\carmi\AI\services\codex_bridge\sqlite_readonly_mcp_server.py","149","_sqlite_uri"
"sqlite_readonly_mcp_server.py","C:\Users\carmi\AI\services\codex_bridge\sqlite_readonly_mcp_server.py","153","_connect_readonly"
"sqlite_readonly_mcp_server.py","C:\Users\carmi\AI\services\codex_bridge\sqlite_readonly_mcp_server.py","161","_validate_select_sql"
"sqlite_readonly_mcp_server.py","C:\Users\carmi\AI\services\codex_bridge\sqlite_readonly_mcp_server.py","192","_compact_value"
"sqlite_readonly_mcp_server.py","C:\Users\carmi\AI\services\codex_bridge\sqlite_readonly_mcp_server.py","201","_row_to_dict"
"sqlite_readonly_mcp_server.py","C:\Users\carmi\AI\services\codex_bridge\sqlite_readonly_mcp_server.py","205","_query_rows"
"sqlite_readonly_mcp_server.py","C:\Users\carmi\AI\services\codex_bridge\sqlite_readonly_mcp_server.py","215","progress"
"sqlite_readonly_mcp_server.py","C:\Users\carmi\AI\services\codex_bridge\sqlite_readonly_mcp_server.py","229","_table_names"
"sqlite_readonly_mcp_server.py","C:\Users\carmi\AI\services\codex_bridge\sqlite_readonly_mcp_server.py","242","_schema"
"sqlite_readonly_mcp_server.py","C:\Users\carmi\AI\services\codex_bridge\sqlite_readonly_mcp_server.py","273","_query"
"sqlite_readonly_mcp_server.py","C:\Users\carmi\AI\services\codex_bridge\sqlite_readonly_mcp_server.py","322","_list_databases"
"sqlite_readonly_mcp_server.py","C:\Users\carmi\AI\services\codex_bridge\sqlite_readonly_mcp_server.py","389","_health"
"sqlite_readonly_mcp_server.py","C:\Users\carmi\AI\services\codex_bridge\sqlite_readonly_mcp_server.py","404","_tools"
"sqlite_readonly_mcp_server.py","C:\Users\carmi\AI\services\codex_bridge\sqlite_readonly_mcp_server.py","407","health"
"sqlite_readonly_mcp_server.py","C:\Users\carmi\AI\services\codex_bridge\sqlite_readonly_mcp_server.py","463","main"
"test_discovery_mcp_server.py","C:\Users\carmi\AI\services\codex_bridge\test_discovery_mcp_server.py","32","__init__"
"test_discovery_mcp_server.py","C:\Users\carmi\AI\services\codex_bridge\test_discovery_mcp_server.py","36","discover_test_patterns"
"test_discovery_mcp_server.py","C:\Users\carmi\AI\services\codex_bridge\test_discovery_mcp_server.py","57","find_uncovered_functions"
"test_discovery_mcp_server.py","C:\Users\carmi\AI\services\codex_bridge\test_discovery_mcp_server.py","86","generate_test_scaffold"
"test_discovery_mcp_server.py","C:\Users\carmi\AI\services\codex_bridge\test_discovery_mcp_server.py","119","map_tests_to_sources"
"test_discovery_mcp_server.py","C:\Users\carmi\AI\services\codex_bridge\test_discovery_mcp_server.py","145","_analyze_test_patterns"
"test_discovery_mcp_server.py","C:\Users\carmi\AI\services\codex_bridge\test_discovery_mcp_server.py","163","_extract_imports"
"test_discovery_mcp_server.py","C:\Users\carmi\AI\services\codex_bridge\test_discovery_mcp_server.py","179","_extract_public_symbols"
"test_discovery_mcp_server.py","C:\Users\carmi\AI\services\codex_bridge\test_discovery_mcp_server.py","205","_get_function_args"
"test_discovery_mcp_server.py","C:\Users\carmi\AI\services\codex_bridge\test_discovery_mcp_server.py","212","_has_test_for_symbol"
"test_discovery_mcp_server.py","C:\Users\carmi\AI\services\codex_bridge\test_discovery_mcp_server.py","225","_to_test_class_name"
"test_discovery_mcp_server.py","C:\Users\carmi\AI\services\codex_bridge\test_discovery_mcp_server.py","229","_generate_class_scaffold"
"test_discovery_mcp_server.py","C:\Users\carmi\AI\services\codex_bridge\test_discovery_mcp_server.py","287","_generate_function_scaffold"
"test_discovery_mcp_server.py","C:\Users\carmi\AI\services\codex_bridge\test_discovery_mcp_server.py","315","_generate_stub_suffix"
"test_discovery_mcp_server.py","C:\Users\carmi\AI\services\codex_bridge\test_discovery_mcp_server.py","319","_build_test_source_mapping"
"test_discovery_mcp_server.py","C:\Users\carmi\AI\services\codex_bridge\test_discovery_mcp_server.py","342","_get_test_manager"
"test_discovery_mcp_server.py","C:\Users\carmi\AI\services\codex_bridge\test_discovery_mcp_server.py","351","_tools"
"test_discovery_mcp_server.py","C:\Users\carmi\AI\services\codex_bridge\test_discovery_mcp_server.py","354","health"
"test_discovery_mcp_server.py","C:\Users\carmi\AI\services\codex_bridge\test_discovery_mcp_server.py","424","main"
"test_repo_code_mcp_serialization.py","C:\Users\carmi\AI\services\codex_bridge\test_repo_code_mcp_serialization.py","25","_git"
"test_repo_code_mcp_serialization.py","C:\Users\carmi\AI\services\codex_bridge\test_repo_code_mcp_serialization.py","39","_first_illegal_json_control"
"test_repo_code_mcp_serialization.py","C:\Users\carmi\AI\services\codex_bridge\test_repo_code_mcp_serialization.py","62","_fixture_text"
"test_repo_code_mcp_serialization.py","C:\Users\carmi\AI\services\codex_bridge\test_repo_code_mcp_serialization.py","88","_write_message"
"test_repo_code_mcp_serialization.py","C:\Users\carmi\AI\services\codex_bridge\test_repo_code_mcp_serialization.py","99","_read_response"
"test_repo_code_mcp_serialization.py","C:\Users\carmi\AI\services\codex_bridge\test_repo_code_mcp_serialization.py","134","_request"
"test_repo_code_mcp_serialization.py","C:\Users\carmi\AI\services\codex_bridge\test_repo_code_mcp_serialization.py","144","_tool_call"
"test_repo_code_mcp_serialization.py","C:\Users\carmi\AI\services\codex_bridge\test_repo_code_mcp_serialization.py","167","_in_memory_round_trip"
"test_repo_code_mcp_serialization.py","C:\Users\carmi\AI\services\codex_bridge\test_repo_code_mcp_serialization.py","185","main"
"agent_entry.py","C:\Users\carmi\AI\services\aicarmine_broker\agent_entry.py","46","build_job_worker"
"agent_entry.py","C:\Users\carmi\AI\services\aicarmine_broker\agent_entry.py","62","agent_job_worker"
"agent_entry.py","C:\Users\carmi\AI\services\aicarmine_broker\agent_entry.py","66","build_job_lifecycle"
"agent_entry.py","C:\Users\carmi\AI\services\aicarmine_broker\agent_entry.py","89","start_agent_job"
"agent_entry.py","C:\Users\carmi\AI\services\aicarmine_broker\agent_entry.py","98","build_selector_runner"
"agent_entry.py","C:\Users\carmi\AI\services\aicarmine_broker\agent_entry.py","112","build_job_action_router"
"agent_entry.py","C:\Users\carmi\AI\services\aicarmine_broker\agent_entry.py","130","agent"
"app.py","C:\Users\carmi\AI\services\aicarmine_broker\app.py","84","_parse_planner_lab_wait_seconds"
"app.py","C:\Users\carmi\AI\services\aicarmine_broker\app.py","115","jobs_endpoint_paths"
"app.py","C:\Users\carmi\AI\services\aicarmine_broker\app.py","140","create_app"
"app.py","C:\Users\carmi\AI\services\aicarmine_broker\app.py","148","jobs_index"
"app.py","C:\Users\carmi\AI\services\aicarmine_broker\app.py","158","jobs_json"
"app.py","C:\Users\carmi\AI\services\aicarmine_broker\app.py","165","planner_lab_index"
"app.py","C:\Users\carmi\AI\services\aicarmine_broker\app.py","169","planner_lab_start"
"app.py","C:\Users\carmi\AI\services\aicarmine_broker\app.py","199","job_dashboard"
"app.py","C:\Users\carmi\AI\services\aicarmine_broker\app.py","203","job_dashboard_json"
"app.py","C:\Users\carmi\AI\services\aicarmine_broker\app.py","207","job_dashboard_json_section"
"app.py","C:\Users\carmi\AI\services\aicarmine_broker\app.py","211","job_dashboard_ia_view"
"app.py","C:\Users\carmi\AI\services\aicarmine_broker\app.py","215","job_dashboard_ia_view_json"
"app.py","C:\Users\carmi\AI\services\aicarmine_broker\app.py","219","job_dashboard_ia_view_section"
"app.py","C:\Users\carmi\AI\services\aicarmine_broker\app.py","223","job_planner_lab"
"app.py","C:\Users\carmi\AI\services\aicarmine_broker\app.py","227","job_planner_lab_json"
"app.py","C:\Users\carmi\AI\services\aicarmine_broker\app.py","249","job_planner_lab_apply"
"app.py","C:\Users\carmi\AI\services\aicarmine_broker\app.py","293","job_planner_lab_compose"
"app.py","C:\Users\carmi\AI\services\aicarmine_broker\app.py","339","job_dashboard_events"
"app.py","C:\Users\carmi\AI\services\aicarmine_broker\app.py","343","job_dashboard_events_section"
"app.py","C:\Users\carmi\AI\services\aicarmine_broker\app.py","347","job_dashboard_final_json"
"app.py","C:\Users\carmi\AI\services\aicarmine_broker\app.py","351","job_dashboard_final_json_section"
"app.py","C:\Users\carmi\AI\services\aicarmine_broker\app.py","355","job_dashboard_final_markdown"
"app.py","C:\Users\carmi\AI\services\aicarmine_broker\app.py","359","health"
"app.py","C:\Users\carmi\AI\services\aicarmine_broker\app.py","418","job_planner_stream_index"
"app.py","C:\Users\carmi\AI\services\aicarmine_broker\app.py","427","ask_vulkan_agent"
"app.py","C:\Users\carmi\AI\services\aicarmine_broker\app.py","430","custom_openapi"
"code_edit_proposal_contract.py","C:\Users\carmi\AI\services\aicarmine_broker\code_edit_proposal_contract.py","42","normalize_repo_path"
"code_edit_proposal_contract.py","C:\Users\carmi\AI\services\aicarmine_broker\code_edit_proposal_contract.py","49","target_path_errors"
"code_edit_proposal_contract.py","C:\Users\carmi\AI\services\aicarmine_broker\code_edit_proposal_contract.py","73","physical_line_count"
"code_edit_proposal_contract.py","C:\Users\carmi\AI\services\aicarmine_broker\code_edit_proposal_contract.py","79","default_validation_commands_for"
"code_edit_proposal_contract.py","C:\Users\carmi\AI\services\aicarmine_broker\code_edit_proposal_contract.py","87","target_metadata"
"code_edit_proposal_contract.py","C:\Users\carmi\AI\services\aicarmine_broker\code_edit_proposal_contract.py","107","generate_unified_diff_from_texts"
"code_edit_proposal_contract.py","C:\Users\carmi\AI\services\aicarmine_broker\code_edit_proposal_contract.py","129","_contains_preview_marker"
"code_edit_proposal_contract.py","C:\Users\carmi\AI\services\aicarmine_broker\code_edit_proposal_contract.py","140","validate_unified_diff_text"
"code_edit_proposal_contract.py","C:\Users\carmi\AI\services\aicarmine_broker\code_edit_proposal_contract.py","176","normalize_structured_operations"
"code_edit_proposal_contract.py","C:\Users\carmi\AI\services\aicarmine_broker\code_edit_proposal_contract.py","198","tree_sitter_parse_evidence"
"code_edit_proposal_contract.py","C:\Users\carmi\AI\services\aicarmine_broker\code_edit_proposal_contract.py","237","python_ast_anchor_evidence"
"code_edit_proposal_contract.py","C:\Users\carmi\AI\services\aicarmine_broker\code_edit_proposal_contract.py","264","ast_grep_evidence"
"code_edit_proposal_contract.py","C:\Users\carmi\AI\services\aicarmine_broker\code_edit_proposal_contract.py","300","build_code_edit_proposal"
"helper.py","C:\Users\carmi\AI\services\aicarmine_broker\helper.py","26","helper_text"
"helper.py","C:\Users\carmi\AI\services\aicarmine_broker\helper.py","37","helper_search_queries"
"helper.py","C:\Users\carmi\AI\services\aicarmine_broker\helper.py","67","evidence_from_search"
"helper.py","C:\Users\carmi\AI\services\aicarmine_broker\helper.py","79","changed_files_from_status"
"helper.py","C:\Users\carmi\AI\services\aicarmine_broker\helper.py","97","review_docs"
"helper.py","C:\Users\carmi\AI\services\aicarmine_broker\helper.py","109","first_read_item"
"helper.py","C:\Users\carmi\AI\services\aicarmine_broker\helper.py","117","fenced_field"
"helper.py","C:\Users\carmi\AI\services\aicarmine_broker\helper.py","128","extract_open_problems"
"helper.py","C:\Users\carmi\AI\services\aicarmine_broker\helper.py","166","verified_problem_evidence"
"helper.py","C:\Users\carmi\AI\services\aicarmine_broker\helper.py","180","patch_targets_from_verified_problems"
"helper.py","C:\Users\carmi\AI\services\aicarmine_broker\helper.py","199","compact_review_docs"
"helper.py","C:\Users\carmi\AI\services\aicarmine_broker\helper.py","223","repo_non_findings"
"helper.py","C:\Users\carmi\AI\services\aicarmine_broker\helper.py","242","_helper_call_payload"
"helper.py","C:\Users\carmi\AI\services\aicarmine_broker\helper.py","265","useful_next_calls"
"helper.py","C:\Users\carmi\AI\services\aicarmine_broker\helper.py","346","helper_summary"
"helper.py","C:\Users\carmi\AI\services\aicarmine_broker\helper.py","398","vulkan_helper"
"import_refs.py","C:\Users\carmi\AI\services\aicarmine_broker\import_refs.py","23","_resolve_lazy"
"job_html.py","C:\Users\carmi\AI\services\aicarmine_broker\job_html.py","18","_safe_text"
"job_html.py","C:\Users\carmi\AI\services\aicarmine_broker\job_html.py","26","_clip_text"
"job_html.py","C:\Users\carmi\AI\services\aicarmine_broker\job_html.py","32","_json_pretty"
"job_html.py","C:\Users\carmi\AI\services\aicarmine_broker\job_html.py","52","_read_text_if_exists"
"job_html.py","C:\Users\carmi\AI\services\aicarmine_broker\job_html.py","58","_planner_stream_frames"
"job_html.py","C:\Users\carmi\AI\services\aicarmine_broker\job_html.py","73","_planner_stream_native_summary"
"job_html.py","C:\Users\carmi\AI\services\aicarmine_broker\job_html.py","117","_path_inside_root"
"job_html.py","C:\Users\carmi\AI\services\aicarmine_broker\job_html.py","134","_read_job_artifact_json"
"job_html.py","C:\Users\carmi\AI\services\aicarmine_broker\job_html.py","144","_contains_preview_only"
"job_html.py","C:\Users\carmi\AI\services\aicarmine_broker\job_html.py","156","_prompt_window_item_violations"
"job_html.py","C:\Users\carmi\AI\services\aicarmine_broker\job_html.py","169","_tool_payload_audit"
"job_html.py","C:\Users\carmi\AI\services\aicarmine_broker\job_html.py","223","_step_prompt_capture"
"job_html.py","C:\Users\carmi\AI\services\aicarmine_broker\job_html.py","247","_step_stream_payload"
"job_html.py","C:\Users\carmi\AI\services\aicarmine_broker\job_html.py","269","_latest_planner_step"
"job_html.py","C:\Users\carmi\AI\services\aicarmine_broker\job_html.py","286","_latest_planner_prompt_capture"
"job_html.py","C:\Users\carmi\AI\services\aicarmine_broker\job_html.py","293","_planner_stream_files_for_step"
"job_html.py","C:\Users\carmi\AI\services\aicarmine_broker\job_html.py","298","_planner_stream_combined_text"
"job_html.py","C:\Users\carmi\AI\services\aicarmine_broker\job_html.py","308","_planner_stream_display"
"job_html.py","C:\Users\carmi\AI\services\aicarmine_broker\job_html.py","356","agent_job_planner_stream_text"
"job_html.py","C:\Users\carmi\AI\services\aicarmine_broker\job_html.py","382","_html_pre"
"job_html.py","C:\Users\carmi\AI\services\aicarmine_broker\job_html.py","391","_html_page"
"job_html.py","C:\Users\carmi\AI\services\aicarmine_broker\job_html.py","408","_html_json_page"
"job_html.py","C:\Users\carmi\AI\services\aicarmine_broker\job_html.py","421","_html_json_section"
"job_html.py","C:\Users\carmi\AI\services\aicarmine_broker\job_html.py","432","_html_status_badge"
"job_html.py","C:\Users\carmi\AI\services\aicarmine_broker\job_html.py","441","_html_metric_grid"
"job_html.py","C:\Users\carmi\AI\services\aicarmine_broker\job_html.py","450","_html_pre_block"
"job_html.py","C:\Users\carmi\AI\services\aicarmine_broker\job_html.py","455","_html_section_link"
"job_html.py","C:\Users\carmi\AI\services\aicarmine_broker\job_html.py","459","_html_toolbar"
"job_html.py","C:\Users\carmi\AI\services\aicarmine_broker\job_html.py","471","_html_job_nav"
"job_html.py","C:\Users\carmi\AI\services\aicarmine_broker\job_html.py","483","_html_active_job_panel"
"job_html.py","C:\Users\carmi\AI\services\aicarmine_broker\job_html.py","504","_html_recent_job_card"
"job_html.py","C:\Users\carmi\AI\services\aicarmine_broker\job_html.py","523","_ia_debug_lanes"
"job_html.py","C:\Users\carmi\AI\services\aicarmine_broker\job_html.py","584","_safe_detail_key"
"job_html.py","C:\Users\carmi\AI\services\aicarmine_broker\job_html.py","592","_html_detail_block"
"job_html.py","C:\Users\carmi\AI\services\aicarmine_broker\job_html.py","608","_html_details"
"job_html.py","C:\Users\carmi\AI\services\aicarmine_broker\job_html.py","619","_json_payload_char_count"
"job_html.py","C:\Users\carmi\AI\services\aicarmine_broker\job_html.py","626","_json_preview"
"job_html.py","C:\Users\carmi\AI\services\aicarmine_broker\job_html.py","642","_html_json_payload_index"
"job_html.py","C:\Users\carmi\AI\services\aicarmine_broker\job_html.py","697","_html_lazy_details"
"job_html.py","C:\Users\carmi\AI\services\aicarmine_broker\job_html.py","717","_json_value_label"
"job_html.py","C:\Users\carmi\AI\services\aicarmine_broker\job_html.py","733","_html_json_scalar"
"job_html.py","C:\Users\carmi\AI\services\aicarmine_broker\job_html.py","749","_json_inline_container"
"job_html.py","C:\Users\carmi\AI\services\aicarmine_broker\job_html.py","757","_html_json_inline_container"
"job_html.py","C:\Users\carmi\AI\services\aicarmine_broker\job_html.py","774","_decode_structured_json_text"
"job_html.py","C:\Users\carmi\AI\services\aicarmine_broker\job_html.py","785","_html_json_tree"
"job_html.py","C:\Users\carmi\AI\services\aicarmine_broker\job_html.py","874","_json_tree_css"
"job_html.py","C:\Users\carmi\AI\services\aicarmine_broker\job_html.py","938","_adaptive_dashboard_css"
"job_html.py","C:\Users\carmi\AI\services\aicarmine_broker\job_html.py","995","_compact_runtime_debug_for_view"
"job_html.py","C:\Users\carmi\AI\services\aicarmine_broker\job_html.py","1019","_compact_validator_guard_for_view"
"job_html.py","C:\Users\carmi\AI\services\aicarmine_broker\job_html.py","1034","_compact_planner_decision_for_view"
"job_html.py","C:\Users\carmi\AI\services\aicarmine_broker\job_html.py","1047","_compact_command_policy_for_view"
"job_html.py","C:\Users\carmi\AI\services\aicarmine_broker\job_html.py","1061","_compact_search_quality_for_view"
"job_html.py","C:\Users\carmi\AI\services\aicarmine_broker\job_html.py","1076","_step_diagnostics_summary_for_view"
"job_html.py","C:\Users\carmi\AI\services\aicarmine_broker\job_html.py","1108","_event_step_number"
"job_html.py","C:\Users\carmi\AI\services\aicarmine_broker\job_html.py","1115","_latest_event_step"
"job_html.py","C:\Users\carmi\AI\services\aicarmine_broker\job_html.py","1120","_select_step_events"
"job_html.py","C:\Users\carmi\AI\services\aicarmine_broker\job_html.py","1127","_last_payload_for_event"
"job_html.py","C:\Users\carmi\AI\services\aicarmine_broker\job_html.py","1137","_payloads_for_event"
"job_html.py","C:\Users\carmi\AI\services\aicarmine_broker\job_html.py","1148","_step_payload_audit"
"job_html.py","C:\Users\carmi\AI\services\aicarmine_broker\job_html.py","1159","_status_tone"
"job_html.py","C:\Users\carmi\AI\services\aicarmine_broker\job_html.py","1167","_html_status_pill"
"job_html.py","C:\Users\carmi\AI\services\aicarmine_broker\job_html.py","1174","_step_strip_html"
"job_html.py","C:\Users\carmi\AI\services\aicarmine_broker\job_html.py","1177","step_number_for"
"job_html.py","C:\Users\carmi\AI\services\aicarmine_broker\job_html.py","1205","_html_control_panel"
"job_html.py","C:\Users\carmi\AI\services\aicarmine_broker\job_html.py","1238","_ia_control_css"
"job_html.py","C:\Users\carmi\AI\services\aicarmine_broker\job_html.py","1326","_dashboard_links"
"job_html.py","C:\Users\carmi\AI\services\aicarmine_broker\job_html.py","1342","_html_page"
"job_html.py","C:\Users\carmi\AI\services\aicarmine_broker\job_html.py","1376","_structured_json_page"
"job_html.py","C:\Users\carmi\AI\services\aicarmine_broker\job_html.py","1417","_structured_json_section_html"
"job_html.py","C:\Users\carmi\AI\services\aicarmine_broker\job_html.py","1457","agent_job_status_json_view_html"
"job_html.py","C:\Users\carmi\AI\services\aicarmine_broker\job_html.py","1473","agent_job_status_json_section_html"
"job_html.py","C:\Users\carmi\AI\services\aicarmine_broker\job_html.py","1478","agent_job_final_json_view_html"
"job_html.py","C:\Users\carmi\AI\services\aicarmine_broker\job_html.py","1504","agent_job_final_json_section_html"
"job_html.py","C:\Users\carmi\AI\services\aicarmine_broker\job_html.py","1515","_markdown_sections"
"job_html.py","C:\Users\carmi\AI\services\aicarmine_broker\job_html.py","1533","agent_job_final_markdown_view_html"
"job_html.py","C:\Users\carmi\AI\services\aicarmine_broker\job_html.py","1565","_read_events_ndjson"
"job_html.py","C:\Users\carmi\AI\services\aicarmine_broker\job_html.py","1578","agent_job_events_view_html"
"job_html.py","C:\Users\carmi\AI\services\aicarmine_broker\job_html.py","1637","agent_job_events_section_html"
"job_html.py","C:\Users\carmi\AI\services\aicarmine_broker\job_html.py","1661","agent_job_ia_view_json_view_html"
"job_html.py","C:\Users\carmi\AI\services\aicarmine_broker\job_html.py","1697","agent_job_planner_stream_view_html"
"job_html.py","C:\Users\carmi\AI\services\aicarmine_broker\job_html.py","1745","_stateful_refresh_script"
"job_html.py","C:\Users\carmi\AI\services\aicarmine_broker\job_html.py","2040","agent_jobs_index_html"
"job_html.py","C:\Users\carmi\AI\services\aicarmine_broker\job_html.py","2101","agent_job_ia_view_payload"
"job_html.py","C:\Users\carmi\AI\services\aicarmine_broker\job_html.py","2260","_ia_view_payload_step"
"job_html.py","C:\Users\carmi\AI\services\aicarmine_broker\job_html.py","2274","agent_job_ia_view_section_html"
"job_html.py","C:\Users\carmi\AI\services\aicarmine_broker\job_html.py","2372","agent_job_ia_view_html"
"job_html.py","C:\Users\carmi\AI\services\aicarmine_broker\job_html.py","2692","agent_job_html"
"job_html_assets.py","C:\Users\carmi\AI\services\aicarmine_broker\job_html_assets.py","1520","render_page_shell"
"job_html_assets.py","C:\Users\carmi\AI\services\aicarmine_broker\job_html_assets.py","1538","render_json_page"
"job_html_assets.py","C:\Users\carmi\AI\services\aicarmine_broker\job_html_assets.py","1552","render_json_section"
"job_html_assets.py","C:\Users\carmi\AI\services\aicarmine_broker\job_html_assets.py","1564","render_status_badge"
"job_html_assets.py","C:\Users\carmi\AI\services\aicarmine_broker\job_html_assets.py","1574","render_metric_grid"
"job_html_assets.py","C:\Users\carmi\AI\services\aicarmine_broker\job_html_assets.py","1597","render_pre_block"
"job_html_assets.py","C:\Users\carmi\AI\services\aicarmine_broker\job_html_assets.py","1603","render_section_link"
"job_html_assets.py","C:\Users\carmi\AI\services\aicarmine_broker\job_html_assets.py","1608","render_toolbar"
"job_html_assets.py","C:\Users\carmi\AI\services\aicarmine_broker\job_html_assets.py","1621","render_job_nav"
"job_html_assets.py","C:\Users\carmi\AI\services\aicarmine_broker\job_html_assets.py","1634","render_active_job_panel"
"job_html_assets.py","C:\Users\carmi\AI\services\aicarmine_broker\job_html_assets.py","1656","render_pending_chat"
"job_html_assets.py","C:\Users\carmi\AI\services\aicarmine_broker\job_html_assets.py","1664","render_chat_bubble"
"job_html_assets.py","C:\Users\carmi\AI\services\aicarmine_broker\job_html_assets.py","1673","render_thread"
"job_html_assets.py","C:\Users\carmi\AI\services\aicarmine_broker\job_html_assets.py","1680","render_chain_item"
"job_html_assets.py","C:\Users\carmi\AI\services\aicarmine_broker\job_html_assets.py","1708","append_thread_item"
"job_html_assets.py","C:\Users\carmi\AI\services\aicarmine_broker\job_html_assets.py","1726","submit_follow_up"
"job_html_assets.py","C:\Users\carmi\AI\services\aicarmine_broker\job_html_assets.py","1740","_json_pretty"
"job_planner_lab.py","C:\Users\carmi\AI\services\aicarmine_broker\job_planner_lab.py","13","_json_pretty"
"job_planner_lab.py","C:\Users\carmi\AI\services\aicarmine_broker\job_planner_lab.py","17","_html_page"
"job_planner_lab.py","C:\Users\carmi\AI\services\aicarmine_broker\job_planner_lab.py","43","planner_lab_index_html"
"job_planner_lab.py","C:\Users\carmi\AI\services\aicarmine_broker\job_planner_lab.py","125","agent_job_planner_lab_html"
"job_store.py","C:\Users\carmi\AI\services\aicarmine_broker\job_store.py","59","now"
"job_store.py","C:\Users\carmi\AI\services\aicarmine_broker\job_store.py","63","make_session_id"
"job_store.py","C:\Users\carmi\AI\services\aicarmine_broker\job_store.py","70","write_json"
"job_store.py","C:\Users\carmi\AI\services\aicarmine_broker\job_store.py","74","read_json"
"job_store.py","C:\Users\carmi\AI\services\aicarmine_broker\job_store.py","78","_job_sqlite_store"
"job_store.py","C:\Users\carmi\AI\services\aicarmine_broker\job_store.py","82","_sqlite_error_category"
"job_store.py","C:\Users\carmi\AI\services\aicarmine_broker\job_store.py","105","_sqlite_operator_hint"
"job_store.py","C:\Users\carmi\AI\services\aicarmine_broker\job_store.py","117","_sqlite_warning"
"job_store.py","C:\Users\carmi\AI\services\aicarmine_broker\job_store.py","136","_log_sqlite_warning"
"job_store.py","C:\Users\carmi\AI\services\aicarmine_broker\job_store.py","156","session_root"
"job_store.py","C:\Users\carmi\AI\services\aicarmine_broker\job_store.py","166","agent_job_root"
"job_store.py","C:\Users\carmi\AI\services\aicarmine_broker\job_store.py","170","agent_job_state_path"
"job_store.py","C:\Users\carmi\AI\services\aicarmine_broker\job_store.py","174","agent_job_events_path"
"job_store.py","C:\Users\carmi\AI\services\aicarmine_broker\job_store.py","178","agent_job_planner_stream_dir"
"job_store.py","C:\Users\carmi\AI\services\aicarmine_broker\job_store.py","184","agent_job_planner_stream_path"
"job_store.py","C:\Users\carmi\AI\services\aicarmine_broker\job_store.py","193","job_url"
"job_store.py","C:\Users\carmi\AI\services\aicarmine_broker\job_store.py","202","init_agent_job_db"
"job_store.py","C:\Users\carmi\AI\services\aicarmine_broker\job_store.py","211","write_agent_job_state"
"job_store.py","C:\Users\carmi\AI\services\aicarmine_broker\job_store.py","234","load_agent_job_state"
"job_store.py","C:\Users\carmi\AI\services\aicarmine_broker\job_store.py","239","_job_list_row_from_state"
"job_store.py","C:\Users\carmi\AI\services\aicarmine_broker\job_store.py","270","_list_agent_jobs_from_filesystem"
"job_store.py","C:\Users\carmi\AI\services\aicarmine_broker\job_store.py","285","_merge_sqlite_and_filesystem_job_rows"
"job_store.py","C:\Users\carmi\AI\services\aicarmine_broker\job_store.py","313","list_agent_jobs"
"job_store.py","C:\Users\carmi\AI\services\aicarmine_broker\job_store.py","335","append_agent_event"
"job_store.py","C:\Users\carmi\AI\services\aicarmine_broker\job_store.py","371","append_agent_event_filesystem_only"
"job_store.py","C:\Users\carmi\AI\services\aicarmine_broker\job_store.py","394","read_agent_events"
"job_store.py","C:\Users\carmi\AI\services\aicarmine_broker\job_store.py","417","public_result_digest"
"job_store.py","C:\Users\carmi\AI\services\aicarmine_broker\job_store.py","421","compact_agent_terminal_response"
"job_store.py","C:\Users\carmi\AI\services\aicarmine_broker\job_store.py","428","repo_read_item_full_content"
"job_store.py","C:\Users\carmi\AI\services\aicarmine_broker\job_store.py","458","same_tool_artifact_payload"
"job_store.py","C:\Users\carmi\AI\services\aicarmine_broker\job_store.py","506","compact_agent_status"
"job_store.py","C:\Users\carmi\AI\services\aicarmine_broker\job_store.py","525","wait_for_agent_terminal"
"memory_tools.py","C:\Users\carmi\AI\services\aicarmine_broker\memory_tools.py","19","_memory_bounded_int_arg"
"memory_tools.py","C:\Users\carmi\AI\services\aicarmine_broker\memory_tools.py","37","_preview"
"memory_tools.py","C:\Users\carmi\AI\services\aicarmine_broker\memory_tools.py","44","_memory_sqlite_diagnostic"
"memory_tools.py","C:\Users\carmi\AI\services\aicarmine_broker\memory_tools.py","55","_memory_sqlite_error_result"
"memory_tools.py","C:\Users\carmi\AI\services\aicarmine_broker\memory_tools.py","91","_dict_from_value"
"memory_tools.py","C:\Users\carmi\AI\services\aicarmine_broker\memory_tools.py","95","_dict_items_field"
"memory_tools.py","C:\Users\carmi\AI\services\aicarmine_broker\memory_tools.py","102","_scratchpad_path"
"memory_tools.py","C:\Users\carmi\AI\services\aicarmine_broker\memory_tools.py","106","_read_scratchpad"
"memory_tools.py","C:\Users\carmi\AI\services\aicarmine_broker\memory_tools.py","117","_write_scratchpad"
"memory_tools.py","C:\Users\carmi\AI\services\aicarmine_broker\memory_tools.py","123","_composer_db_path"
"memory_tools.py","C:\Users\carmi\AI\services\aicarmine_broker\memory_tools.py","127","_connect_composer"
"memory_tools.py","C:\Users\carmi\AI\services\aicarmine_broker\memory_tools.py","159","_text_hash"
"memory_tools.py","C:\Users\carmi\AI\services\aicarmine_broker\memory_tools.py","172","_window_text"
"memory_tools.py","C:\Users\carmi\AI\services\aicarmine_broker\memory_tools.py","212","planner_prompt_context_store_window"
"memory_tools.py","C:\Users\carmi\AI\services\aicarmine_broker\memory_tools.py","266","_code_product_build_state_section"
"memory_tools.py","C:\Users\carmi\AI\services\aicarmine_broker\memory_tools.py","271","_load_code_product_build_state_text"
"memory_tools.py","C:\Users\carmi\AI\services\aicarmine_broker\memory_tools.py","283","_code_product_build_state_complete_payload_ready"
"memory_tools.py","C:\Users\carmi\AI\services\aicarmine_broker\memory_tools.py","296","_write_code_product_build_state"
"memory_tools.py","C:\Users\carmi\AI\services\aicarmine_broker\memory_tools.py","341","_write_composer_answer_chunk"
"memory_tools.py","C:\Users\carmi\AI\services\aicarmine_broker\memory_tools.py","365","planner_composed_answer"
"memory_tools.py","C:\Users\carmi\AI\services\aicarmine_broker\memory_tools.py","406","planner_scratchpad_write"
"memory_tools.py","C:\Users\carmi\AI\services\aicarmine_broker\memory_tools.py","437","_planner_prompt_context_read"
"memory_tools.py","C:\Users\carmi\AI\services\aicarmine_broker\memory_tools.py","548","_read_code_product_build_state"
"memory_tools.py","C:\Users\carmi\AI\services\aicarmine_broker\memory_tools.py","573","planner_scratchpad_read"
"memory_tools.py","C:\Users\carmi\AI\services\aicarmine_broker\memory_tools.py","610","_memory_db"
"memory_tools.py","C:\Users\carmi\AI\services\aicarmine_broker\memory_tools.py","615","_connect_memory"
"memory_tools.py","C:\Users\carmi\AI\services\aicarmine_broker\memory_tools.py","664","runtime_sqlite_memory_write"
"memory_tools.py","C:\Users\carmi\AI\services\aicarmine_broker\memory_tools.py","757","runtime_sqlite_memory_search"
"memory_tools.py","C:\Users\carmi\AI\services\aicarmine_broker\memory_tools.py","809","_planner_memory_query"
"memory_tools.py","C:\Users\carmi\AI\services\aicarmine_broker\memory_tools.py","820","planner_memory_surface"
"memory_tools.py","C:\Users\carmi\AI\services\aicarmine_broker\memory_tools.py","970","runtime_sqlite_memory_cleanup"
"planner.py","C:\Users\carmi\AI\services\aicarmine_broker\planner.py","425","_controller_initial_orientation_candidate_pool"
"planner.py","C:\Users\carmi\AI\services\aicarmine_broker\planner.py","436","_controller_orientation_model_select"
"planner.py","C:\Users\carmi\AI\services\aicarmine_broker\planner.py","455","_dict_or_empty"
"planner.py","C:\Users\carmi\AI\services\aicarmine_broker\planner.py","459","_list_or_empty"
"planner.py","C:\Users\carmi\AI\services\aicarmine_broker\planner.py","472","compact_prompt_context_window_item"
"planner.py","C:\Users\carmi\AI\services\aicarmine_broker\planner.py","476","compact_tool_result_for_planner"
"planner.py","C:\Users\carmi\AI\services\aicarmine_broker\planner.py","484","planner_history_ledger"
"planner.py","C:\Users\carmi\AI\services\aicarmine_broker\planner.py","488","planner_last_result_digest"
"planner.py","C:\Users\carmi\AI\services\aicarmine_broker\planner.py","492","_ordered_tool_names"
"planner.py","C:\Users\carmi\AI\services\aicarmine_broker\planner.py","498","_apply_turn_surface_policy"
"planner.py","C:\Users\carmi\AI\services\aicarmine_broker\planner.py","502","_tool_surface_names_for_turn"
"planner.py","C:\Users\carmi\AI\services\aicarmine_broker\planner.py","518","_available_tools_for_user_payload"
"planner.py","C:\Users\carmi\AI\services\aicarmine_broker\planner.py","525","_available_tools_window_pack"
"planner.py","C:\Users\carmi\AI\services\aicarmine_broker\planner.py","543","_tool_shape_examples_for_prompt"
"planner.py","C:\Users\carmi\AI\services\aicarmine_broker\planner.py","550","_hard_budget_tool_shape_examples_for_prompt"
"planner.py","C:\Users\carmi\AI\services\aicarmine_broker\planner.py","556","_compact_history_for_prompt"
"planner.py","C:\Users\carmi\AI\services\aicarmine_broker\planner.py","564","_compact_evidence_contract_for_prompt"
"planner.py","C:\Users\carmi\AI\services\aicarmine_broker\planner.py","571","_windowed_evidence_contract_for_prompt"
"planner.py","C:\Users\carmi\AI\services\aicarmine_broker\planner.py","690","prompt_section_window_pack"
"planner.py","C:\Users\carmi\AI\services\aicarmine_broker\planner.py","732","_hard_budget_evidence_contract_for_prompt"
"planner.py","C:\Users\carmi\AI\services\aicarmine_broker\planner.py","773","_report_exceeds_generation_headroom"
"planner.py","C:\Users\carmi\AI\services\aicarmine_broker\planner.py","777","_preserve_required_next_tool_call_for_prompt"
"planner.py","C:\Users\carmi\AI\services\aicarmine_broker\planner.py","784","_enforce_required_scratchpad_read_continuation_contract"
"planner.py","C:\Users\carmi\AI\services\aicarmine_broker\planner.py","794","_compact_intrinsic_context_for_prompt"
"planner.py","C:\Users\carmi\AI\services\aicarmine_broker\planner.py","801","_windowed_optional_context_value"
"planner.py","C:\Users\carmi\AI\services\aicarmine_broker\planner.py","840","_optional_context_window_pack"
"planner.py","C:\Users\carmi\AI\services\aicarmine_broker\planner.py","896","_optional_context_for_prompt"
"planner.py","C:\Users\carmi\AI\services\aicarmine_broker\planner.py","994","_planner_token_generation_reserve"
"planner.py","C:\Users\carmi\AI\services\aicarmine_broker\planner.py","1004","_prompt_compaction_threshold"
"planner.py","C:\Users\carmi\AI\services\aicarmine_broker\planner.py","1012","_prompt_generation_headroom_char_budget"
"planner.py","C:\Users\carmi\AI\services\aicarmine_broker\planner.py","1025","_prompt_window_chars"
"planner.py","C:\Users\carmi\AI\services\aicarmine_broker\planner.py","1043","_prompt_budget_report"
"planner.py","C:\Users\carmi\AI\services\aicarmine_broker\planner.py","1087","_read_json_file"
"planner.py","C:\Users\carmi\AI\services\aicarmine_broker\planner.py","1097","_repo_read_file_content_from_repo"
"planner.py","C:\Users\carmi\AI\services\aicarmine_broker\planner.py","1135","_repo_read_item_full_content"
"planner.py","C:\Users\carmi\AI\services\aicarmine_broker\planner.py","1186","_store_prompt_text_window"
"planner.py","C:\Users\carmi\AI\services\aicarmine_broker\planner.py","1205","_store_prompt_value_window"
"planner.py","C:\Users\carmi\AI\services\aicarmine_broker\planner.py","1224","_prompt_window_consumed_offsets"
"planner.py","C:\Users\carmi\AI\services\aicarmine_broker\planner.py","1232","_prompt_window_tracking_metadata_errors"
"planner.py","C:\Users\carmi\AI\services\aicarmine_broker\planner.py","1240","prompt_context_continue_action"
"planner.py","C:\Users\carmi\AI\services\aicarmine_broker\planner.py","1249","_planner_scratchpad_next_window_action_from_history"
"planner.py","C:\Users\carmi\AI\services\aicarmine_broker\planner.py","1261","repo_read_items_for_prompt"
"planner.py","C:\Users\carmi\AI\services\aicarmine_broker\planner.py","1285","latest_code_product_for_prompt"
"planner.py","C:\Users\carmi\AI\services\aicarmine_broker\planner.py","1304","_required_working_set_for_prompt"
"planner.py","C:\Users\carmi\AI\services\aicarmine_broker\planner.py","1335","_required_working_set_continuation_action"
"planner.py","C:\Users\carmi\AI\services\aicarmine_broker\planner.py","1350","_evidence_contract_continuation_action"
"planner.py","C:\Users\carmi\AI\services\aicarmine_broker\planner.py","1365","_prompt_context_continuation_from_payload"
"planner.py","C:\Users\carmi\AI\services\aicarmine_broker\planner.py","1372","_decision_matches_prompt_context_continuation"
"planner.py","C:\Users\carmi\AI\services\aicarmine_broker\planner.py","1379","_required_next_tool_call_from_action"
"planner.py","C:\Users\carmi\AI\services\aicarmine_broker\planner.py","1383","_forbidden_repeated_prompt_window_calls"
"planner.py","C:\Users\carmi\AI\services\aicarmine_broker\planner.py","1396","_native_history_message_reserve_chars"
"planner.py","C:\Users\carmi\AI\services\aicarmine_broker\planner.py","1405","_build_planner_user_payload"
"planner.py","C:\Users\carmi\AI\services\aicarmine_broker\planner.py","1475","_drop_empty_dict_values"
"planner.py","C:\Users\carmi\AI\services\aicarmine_broker\planner.py","1479","_planner_ollama_turn_from_decision"
"planner.py","C:\Users\carmi\AI\services\aicarmine_broker\planner.py","1487","_history_item_ollama_turn"
"planner.py","C:\Users\carmi\AI\services\aicarmine_broker\planner.py","1491","_history_tool_result"
"planner.py","C:\Users\carmi\AI\services\aicarmine_broker\planner.py","1498","_planner_history_summary"
"planner.py","C:\Users\carmi\AI\services\aicarmine_broker\planner.py","1502","_clean_planner_history_value"
"planner.py","C:\Users\carmi\AI\services\aicarmine_broker\planner.py","1506","_planner_history_arguments"
"planner.py","C:\Users\carmi\AI\services\aicarmine_broker\planner.py","1510","_planner_history_reason"
"planner.py","C:\Users\carmi\AI\services\aicarmine_broker\planner.py","1514","_planner_controller_guard_history_payload"
"planner.py","C:\Users\carmi\AI\services\aicarmine_broker\planner.py","1518","_planner_history_evidence_payload"
"planner.py","C:\Users\carmi\AI\services\aicarmine_broker\planner.py","1522","_planner_tool_result_message_payload"
"planner.py","C:\Users\carmi\AI\services\aicarmine_broker\planner.py","1541","_planner_history_item_messages"
"planner.py","C:\Users\carmi\AI\services\aicarmine_broker\planner.py","1558","_planner_history_messages_for_ollama"
"planner.py","C:\Users\carmi\AI\services\aicarmine_broker\planner.py","1578","_decision_for_turn_memory"
"planner.py","C:\Users\carmi\AI\services\aicarmine_broker\planner.py","1582","_strip_public_artifact_paths"
"planner.py","C:\Users\carmi\AI\services\aicarmine_broker\planner.py","1586","_strip_public_local_references"
"planner.py","C:\Users\carmi\AI\services\aicarmine_broker\planner.py","1590","_same_tool_artifact_payload"
"planner.py","C:\Users\carmi\AI\services\aicarmine_broker\planner.py","1594","_public_tool_response"
"planner.py","C:\Users\carmi\AI\services\aicarmine_broker\planner.py","1603","_successful_tool_turns"
"planner.py","C:\Users\carmi\AI\services\aicarmine_broker\planner.py","1612","_public_tool_artifact_rows"
"planner.py","C:\Users\carmi\AI\services\aicarmine_broker\planner.py","1621","_public_tool_context_limits"
"planner.py","C:\Users\carmi\AI\services\aicarmine_broker\planner.py","1625","_ollama_turn_rows"
"planner.py","C:\Users\carmi\AI\services\aicarmine_broker\planner.py","1632","_planner_turn_memory"
"planner.py","C:\Users\carmi\AI\services\aicarmine_broker\planner.py","1645","_ollama_turn_summary_text"
"planner.py","C:\Users\carmi\AI\services\aicarmine_broker\planner.py","1652","_final_summary_with_ollama_done_reasons"
"planner.py","C:\Users\carmi\AI\services\aicarmine_broker\planner.py","1665","_normalize_tool_name"
"planner.py","C:\Users\carmi\AI\services\aicarmine_broker\planner.py","1670","controller_guard_count"
"planner.py","C:\Users\carmi\AI\services\aicarmine_broker\planner.py","1674","_controller_guard_rejection_signature"
"planner.py","C:\Users\carmi\AI\services\aicarmine_broker\planner.py","1678","_controller_guard_rejection_signature_count"
"planner.py","C:\Users\carmi\AI\services\aicarmine_broker\planner.py","1689","recoverable_planner_block"
"planner.py","C:\Users\carmi\AI\services\aicarmine_broker\planner.py","1693","semantic_goal_classification"
"planner.py","C:\Users\carmi\AI\services\aicarmine_broker\planner.py","1697","goal_requires_code_product_report"
"planner.py","C:\Users\carmi\AI\services\aicarmine_broker\planner.py","1702","goal_has_write_intent"
"planner.py","C:\Users\carmi\AI\services\aicarmine_broker\planner.py","1706","_code_product_build_state_duplicate_write"
"planner.py","C:\Users\carmi\AI\services\aicarmine_broker\planner.py","1719","code_product_build_state_from_result"
"planner.py","C:\Users\carmi\AI\services\aicarmine_broker\planner.py","1723","_code_product_build_state_read_action"
"planner.py","C:\Users\carmi\AI\services\aicarmine_broker\planner.py","1727","code_product_source_windows_from_reads"
"planner.py","C:\Users\carmi\AI\services\aicarmine_broker\planner.py","1742","_code_product_build_state_write_action"
"planner.py","C:\Users\carmi\AI\services\aicarmine_broker\planner.py","1754","_code_product_build_state_propose_action"
"planner.py","C:\Users\carmi\AI\services\aicarmine_broker\planner.py","1761","_code_product_candidate_action"
"planner.py","C:\Users\carmi\AI\services\aicarmine_broker\planner.py","1776","_successful_window_signatures"
"planner.py","C:\Users\carmi\AI\services\aicarmine_broker\planner.py","1780","_successful_repo_read_window_ranges"
"planner.py","C:\Users\carmi\AI\services\aicarmine_broker\planner.py","1784","_code_product_payload_rejection_count"
"planner.py","C:\Users\carmi\AI\services\aicarmine_broker\planner.py","1791","_code_product_source_window_candidate"
"planner.py","C:\Users\carmi\AI\services\aicarmine_broker\planner.py","1805","strip_duplicate_window_candidate"
"planner.py","C:\Users\carmi\AI\services\aicarmine_broker\planner.py","1814","_apply_duplicate_window_replan_contract"
"planner.py","C:\Users\carmi\AI\services\aicarmine_broker\planner.py","1835","_code_product_low_signal_target"
"planner.py","C:\Users\carmi\AI\services\aicarmine_broker\planner.py","1839","_canonical_invalid_code_product_decision_signature"
"planner.py","C:\Users\carmi\AI\services\aicarmine_broker\planner.py","1846","_invalid_decision_signature_key"
"planner.py","C:\Users\carmi\AI\services\aicarmine_broker\planner.py","1850","invalid_code_product_decision_signature_from_history_item"
"planner.py","C:\Users\carmi\AI\services\aicarmine_broker\planner.py","1854","_invalid_code_product_decision_signature_count"
"planner.py","C:\Users\carmi\AI\services\aicarmine_broker\planner.py","1861","_disallowed_invalid_code_product_signatures"
"planner.py","C:\Users\carmi\AI\services\aicarmine_broker\planner.py","1867","_compact_validation_rejections_tail"
"planner.py","C:\Users\carmi\AI\services\aicarmine_broker\planner.py","1875","summarize_history_artifacts"
"planner.py","C:\Users\carmi\AI\services\aicarmine_broker\planner.py","1879","planner_done_token"
"planner.py","C:\Users\carmi\AI\services\aicarmine_broker\planner.py","1883","extract_existing_goal_path"
"planner.py","C:\Users\carmi\AI\services\aicarmine_broker\planner.py","1893","requested_file_limit_from_goal"
"planner.py","C:\Users\carmi\AI\services\aicarmine_broker\planner.py","1897","goal_requested_repo_scope"
"planner.py","C:\Users\carmi\AI\services\aicarmine_broker\planner.py","1901","goal_requests_python_file_review"
"planner.py","C:\Users\carmi\AI\services\aicarmine_broker\planner.py","1909","_paths_from_result"
"planner.py","C:\Users\carmi\AI\services\aicarmine_broker\planner.py","1938","_paths_from_list_rows"
"planner.py","C:\Users\carmi\AI\services\aicarmine_broker\planner.py","1950","latest_file_list_result"
"planner.py","C:\Users\carmi\AI\services\aicarmine_broker\planner.py","1958","successful_repo_read_paths"
"planner.py","C:\Users\carmi\AI\services\aicarmine_broker\planner.py","1965","_verified_repo_read_content_rows"
"planner.py","C:\Users\carmi\AI\services\aicarmine_broker\planner.py","2008","failed_repo_read_paths"
"planner.py","C:\Users\carmi\AI\services\aicarmine_broker\planner.py","2012","_repo_reference_mentioned"
"planner.py","C:\Users\carmi\AI\services\aicarmine_broker\planner.py","2019","_repo_analysis_intent_mentioned"
"planner.py","C:\Users\carmi\AI\services\aicarmine_broker\planner.py","2028","_repo_analysis_goal"
"planner.py","C:\Users\carmi\AI\services\aicarmine_broker\planner.py","2063","_should_preseed_root_surface"
"planner.py","C:\Users\carmi\AI\services\aicarmine_broker\planner.py","2092","_goal_existing_file_candidates"
"planner.py","C:\Users\carmi\AI\services\aicarmine_broker\planner.py","2100","_goal_target_file"
"planner.py","C:\Users\carmi\AI\services\aicarmine_broker\planner.py","2111","_goal_target_scope"
"planner.py","C:\Users\carmi\AI\services\aicarmine_broker\planner.py","2115","_goal_target_kind"
"planner.py","C:\Users\carmi\AI\services\aicarmine_broker\planner.py","2125","_controller_memory_target_key"
"planner.py","C:\Users\carmi\AI\services\aicarmine_broker\planner.py","2136","_planner_prompt_budget_value"
"planner.py","C:\Users\carmi\AI\services\aicarmine_broker\planner.py","2143","_single_file_prompt_read_chars"
"planner.py","C:\Users\carmi\AI\services\aicarmine_broker\planner.py","2148","_multi_file_prompt_read_chars"
"planner.py","C:\Users\carmi\AI\services\aicarmine_broker\planner.py","2153","_controller_preseed_plan"
"planner.py","C:\Users\carmi\AI\services\aicarmine_broker\planner.py","2187","_controller_preplanner_rag_query_plan"
"planner.py","C:\Users\carmi\AI\services\aicarmine_broker\planner.py","2199","_controller_preplanner_rag_preseed_plan"
"planner.py","C:\Users\carmi\AI\services\aicarmine_broker\planner.py","2214","_controller_file_code_product_orientation_preseed_plan"
"planner.py","C:\Users\carmi\AI\services\aicarmine_broker\planner.py","2248","repo_existing_file"
"planner.py","C:\Users\carmi\AI\services\aicarmine_broker\planner.py","2252","repo_existing_dir"
"planner.py","C:\Users\carmi\AI\services\aicarmine_broker\planner.py","2256","root_surface_entries"
"planner.py","C:\Users\carmi\AI\services\aicarmine_broker\planner.py","2260","root_surface_file_paths"
"planner.py","C:\Users\carmi\AI\services\aicarmine_broker\planner.py","2264","root_surface_dir_paths"
"planner.py","C:\Users\carmi\AI\services\aicarmine_broker\planner.py","2268","initial_doc_sort_key"
"planner.py","C:\Users\carmi\AI\services\aicarmine_broker\planner.py","2272","controller_initial_doc_preseed_plan"
"planner.py","C:\Users\carmi\AI\services\aicarmine_broker\planner.py","2284","initial_area_sort_key"
"planner.py","C:\Users\carmi\AI\services\aicarmine_broker\planner.py","2288","controller_initial_area_list_plans"
"planner.py","C:\Users\carmi\AI\services\aicarmine_broker\planner.py","2296","list_result_file_paths"
"planner.py","C:\Users\carmi\AI\services\aicarmine_broker\planner.py","2300","initial_area_file_sort_key"
"planner.py","C:\Users\carmi\AI\services\aicarmine_broker\planner.py","2308","controller_initial_area_read_plan"
"planner.py","C:\Users\carmi\AI\services\aicarmine_broker\planner.py","2318","repo_path_kind"
"planner.py","C:\Users\carmi\AI\services\aicarmine_broker\planner.py","2322","repo_doc_or_config"
"planner.py","C:\Users\carmi\AI\services\aicarmine_broker\planner.py","2326","repo_code_file"
"planner.py","C:\Users\carmi\AI\services\aicarmine_broker\planner.py","2330","repo_readable_evidence_file"
"planner.py","C:\Users\carmi\AI\services\aicarmine_broker\planner.py","2338","read_candidate_sort_key"
"planner.py","C:\Users\carmi\AI\services\aicarmine_broker\planner.py","2346","_dynamic_read_candidate_paths"
"planner.py","C:\Users\carmi\AI\services\aicarmine_broker\planner.py","2362","scope_candidate_source_paths"
"planner.py","C:\Users\carmi\AI\services\aicarmine_broker\planner.py","2366","scope_read_candidates_from_evidence"
"planner.py","C:\Users\carmi\AI\services\aicarmine_broker\planner.py","2382","meaningful_read_candidates_from_evidence"
"planner.py","C:\Users\carmi\AI\services\aicarmine_broker\planner.py","2396","scoped_required_read_count"
"planner.py","C:\Users\carmi\AI\services\aicarmine_broker\planner.py","2402","_repo_required_read_count"
"planner.py","C:\Users\carmi\AI\services\aicarmine_broker\planner.py","2408","top_dir"
"planner.py","C:\Users\carmi\AI\services\aicarmine_broker\planner.py","2412","low_signal_top_dir"
"planner.py","C:\Users\carmi\AI\services\aicarmine_broker\planner.py","2416","append_unique"
"planner.py","C:\Users\carmi\AI\services\aicarmine_broker\planner.py","2420","read_items_from_history"
"planner.py","C:\Users\carmi\AI\services\aicarmine_broker\planner.py","2424","extract_headings"
"planner.py","C:\Users\carmi\AI\services\aicarmine_broker\planner.py","2428","_extract_key_lines"
"planner.py","C:\Users\carmi\AI\services\aicarmine_broker\planner.py","2432","extract_mentioned_paths"
"planner.py","C:\Users\carmi\AI\services\aicarmine_broker\planner.py","2436","_file_memory_from_history"
"planner.py","C:\Users\carmi\AI\services\aicarmine_broker\planner.py","2440","_repo_list_evidence"
"planner.py","C:\Users\carmi\AI\services\aicarmine_broker\planner.py","2444","failed_repo_list_files_paths"
"planner.py","C:\Users\carmi\AI\services\aicarmine_broker\planner.py","2448","_rank_core_candidates"
"planner.py","C:\Users\carmi\AI\services\aicarmine_broker\planner.py","2457","normalize_scope_claim_text"
"planner.py","C:\Users\carmi\AI\services\aicarmine_broker\planner.py","2461","claim_area_from_user_token"
"planner.py","C:\Users\carmi\AI\services\aicarmine_broker\planner.py","2469","_user_scope_claims"
"planner.py","C:\Users\carmi\AI\services\aicarmine_broker\planner.py","2477","_scope_claim_conflict_for_path"
"planner.py","C:\Users\carmi\AI\services\aicarmine_broker\planner.py","2481","add_core_discovery_candidate"
"planner.py","C:\Users\carmi\AI\services\aicarmine_broker\planner.py","2514","_core_discovery_candidates_from_intrinsic"
"planner.py","C:\Users\carmi\AI\services\aicarmine_broker\planner.py","2544","_core_discovery_read_paths"
"planner.py","C:\Users\carmi\AI\services\aicarmine_broker\planner.py","2565","_target_scope_conflict_resolved"
"planner.py","C:\Users\carmi\AI\services\aicarmine_broker\planner.py","2569","_candidate_actions_from_evidence"
"planner.py","C:\Users\carmi\AI\services\aicarmine_broker\planner.py","2608","_build_operational_notebook"
"planner.py","C:\Users\carmi\AI\services\aicarmine_broker\planner.py","2648","_initial_orientation_surface_from_history"
"planner.py","C:\Users\carmi\AI\services\aicarmine_broker\planner.py","2662","planner_evidence_contract"
"planner.py","C:\Users\carmi\AI\services\aicarmine_broker\planner.py","2742","_path_exists_repo_relative"
"planner.py","C:\Users\carmi\AI\services\aicarmine_broker\planner.py","2752","_path_under_scope"
"planner.py","C:\Users\carmi\AI\services\aicarmine_broker\planner.py","2792","add"
"planner.py","C:\Users\carmi\AI\services\aicarmine_broker\planner.py","2983","_argument_value_present"
"planner.py","C:\Users\carmi\AI\services\aicarmine_broker\planner.py","2994","_argument_group_present"
"planner.py","C:\Users\carmi\AI\services\aicarmine_broker\planner.py","2998","_any_argument_group_present"
"planner.py","C:\Users\carmi\AI\services\aicarmine_broker\planner.py","3002","_planner_scratchpad_read_selector_present"
"planner.py","C:\Users\carmi\AI\services\aicarmine_broker\planner.py","3016","_repo_read_selector_present"
"planner.py","C:\Users\carmi\AI\services\aicarmine_broker\planner.py","3023","_native_required_tool_decision_has_transport_provenance"
"planner.py","C:\Users\carmi\AI\services\aicarmine_broker\planner.py","3029","_native_required_repaired_tool_decision_disallowed"
"planner.py","C:\Users\carmi\AI\services\aicarmine_broker\planner.py","3037","_verified_repo_read_contents_for_path"
"planner.py","C:\Users\carmi\AI\services\aicarmine_broker\planner.py","3070","_old_text_verified_by_repo_read"
"planner.py","C:\Users\carmi\AI\services\aicarmine_broker\planner.py","3076","_apply_unverified_old_text_replan_contract"
"planner.py","C:\Users\carmi\AI\services\aicarmine_broker\planner.py","3084","admissible_replan_candidate"
"planner.py","C:\Users\carmi\AI\services\aicarmine_broker\planner.py","3162","repo_analysis_final_answer_model_quality"
"planner.py","C:\Users\carmi\AI\services\aicarmine_broker\planner.py","3421","validate_planner_decision_against_evidence"
"planner.py","C:\Users\carmi\AI\services\aicarmine_broker\planner.py","3497","_decision_raw_planner_text"
"planner.py","C:\Users\carmi\AI\services\aicarmine_broker\planner.py","3508","_vulkan_repair_seen"
"planner.py","C:\Users\carmi\AI\services\aicarmine_broker\planner.py","3522","_planner_incomprehensible_retry_count"
"planner.py","C:\Users\carmi\AI\services\aicarmine_broker\planner.py","3545","_planner_memory_false_unavailable_claim"
"planner.py","C:\Users\carmi\AI\services\aicarmine_broker\planner.py","3563","_decision_memory_claim_text"
"planner.py","C:\Users\carmi\AI\services\aicarmine_broker\planner.py","3575","_raw_planner_text_classification"
"planner.py","C:\Users\carmi\AI\services\aicarmine_broker\planner.py","3617","_raw_planner_text_has_explicit_tool_alias_invocation"
"planner.py","C:\Users\carmi\AI\services\aicarmine_broker\planner.py","3654","_raw_planner_text_has_many_json_examples"
"planner.py","C:\Users\carmi\AI\services\aicarmine_broker\planner.py","3682","_raw_planner_text_has_valid_embedded_json_with_prose"
"planner.py","C:\Users\carmi\AI\services\aicarmine_broker\planner.py","3721","_raw_planner_text_looks_like_tool_request"
"planner.py","C:\Users\carmi\AI\services\aicarmine_broker\planner.py","3729","_should_retry_incomprehensible_planner_output"
"planner.py","C:\Users\carmi\AI\services\aicarmine_broker\planner.py","3759","_is_unrecoverable_plain_text_planner_output"
"planner.py","C:\Users\carmi\AI\services\aicarmine_broker\planner.py","3788","_compact_repair_history"
"planner.py","C:\Users\carmi\AI\services\aicarmine_broker\planner.py","3811","_compact_vulkan_repair_evidence_contract"
"planner.py","C:\Users\carmi\AI\services\aicarmine_broker\planner.py","3878","_evidence_contract_storage_summary"
"planner.py","C:\Users\carmi\AI\services\aicarmine_broker\planner.py","3885","_controller_guard_contract_overlay"
"planner.py","C:\Users\carmi\AI\services\aicarmine_broker\planner.py","3961","_validation_needs_replan_specialist"
"planner.py","C:\Users\carmi\AI\services\aicarmine_broker\planner.py","4001","_specialist_route_audit"
"planner.py","C:\Users\carmi\AI\services\aicarmine_broker\planner.py","4078","_sanitize_replan_required_next_tool_call"
"planner.py","C:\Users\carmi\AI\services\aicarmine_broker\planner.py","4126","_sanitize_replan_specialist_response"
"planner.py","C:\Users\carmi\AI\services\aicarmine_broker\planner.py","4154","_replan_contract_path_items"
"planner.py","C:\Users\carmi\AI\services\aicarmine_broker\planner.py","4163","_replan_repo_path_token"
"planner.py","C:\Users\carmi\AI\services\aicarmine_broker\planner.py","4172","_replan_contract_repo_read_allowlist"
"planner.py","C:\Users\carmi\AI\services\aicarmine_broker\planner.py","4177","add_token"
"planner.py","C:\Users\carmi\AI\services\aicarmine_broker\planner.py","4200","_replan_contract_known_repo_paths"
"planner.py","C:\Users\carmi\AI\services\aicarmine_broker\planner.py","4204","add"
"planner.py","C:\Users\carmi\AI\services\aicarmine_broker\planner.py","4235","_replan_known_repo_dirs"
"planner.py","C:\Users\carmi\AI\services\aicarmine_broker\planner.py","4244","_replan_route_token_is_prose_or_metric"
"planner.py","C:\Users\carmi\AI\services\aicarmine_broker\planner.py","4266","_replan_search_query_is_concrete"
"planner.py","C:\Users\carmi\AI\services\aicarmine_broker\planner.py","4287","_mark_replan_required_call_validated"
"planner.py","C:\Users\carmi\AI\services\aicarmine_broker\planner.py","4301","_replan_required_repo_read_paths"
"planner.py","C:\Users\carmi\AI\services\aicarmine_broker\planner.py","4313","_sanitize_replan_specialist_result_against_contract"
"planner.py","C:\Users\carmi\AI\services\aicarmine_broker\planner.py","4449","planner_replan_specialist_for_validation"
"planner.py","C:\Users\carmi\AI\services\aicarmine_broker\planner.py","4693","_planner_cuda_rewrite_violations"
"planner.py","C:\Users\carmi\AI\services\aicarmine_broker\planner.py","4697","_planner_cuda_rewrite_violation_matches"
"planner.py","C:\Users\carmi\AI\services\aicarmine_broker\planner.py","4706","planner_cuda_rewrite_target"
"planner.py","C:\Users\carmi\AI\services\aicarmine_broker\planner.py","4739","_planner_cuda_rewrite_instruction"
"planner.py","C:\Users\carmi\AI\services\aicarmine_broker\planner.py","4770","planner_cuda_rewrite_guard_for_validation"
"planner.py","C:\Users\carmi\AI\services\aicarmine_broker\planner.py","4822","_should_attempt_vulkan_repair"
"planner.py","C:\Users\carmi\AI\services\aicarmine_broker\planner.py","4900","vulkan_repair_invalid_planner_decision"
"planner.py","C:\Users\carmi\AI\services\aicarmine_broker\planner.py","5019","controller_guard_result_for_validation"
"planner.py","C:\Users\carmi\AI\services\aicarmine_broker\planner.py","5130","_planner_system_for_current_mode"
"planner.py","C:\Users\carmi\AI\services\aicarmine_broker\planner.py","5136","planner_decision"
"planner.py","C:\Users\carmi\AI\services\aicarmine_broker\planner.py","5214","compact_final_state_result"
"planner.py","C:\Users\carmi\AI\services\aicarmine_broker\planner.py","5224","public_terminal_content_key"
"planner.py","C:\Users\carmi\AI\services\aicarmine_broker\planner.py","5228","_public_terminal_sanitize_text"
"planner.py","C:\Users\carmi\AI\services\aicarmine_broker\planner.py","5232","public_terminal_sanitize_value"
"planner.py","C:\Users\carmi\AI\services\aicarmine_broker\planner.py","5236","public_terminal_history_ledger"
"planner.py","C:\Users\carmi\AI\services\aicarmine_broker\planner.py","5250","terminal_context_alias"
"planner.py","C:\Users\carmi\AI\services\aicarmine_broker\planner.py","5255","planner_decision_rows"
"planner.py","C:\Users\carmi\AI\services\aicarmine_broker\planner.py","5259","validation_rejection_rows"
"planner.py","C:\Users\carmi\AI\services\aicarmine_broker\planner.py","5263","executed_tool_rows"
"planner.py","C:\Users\carmi\AI\services\aicarmine_broker\planner.py","5267","repo_read_content_views"
"planner.py","C:\Users\carmi\AI\services\aicarmine_broker\planner.py","5281","execution_evidence_digest_text"
"planner.py","C:\Users\carmi\AI\services\aicarmine_broker\planner.py","5340","latest_code_product_payload"
"planner.py","C:\Users\carmi\AI\services\aicarmine_broker\planner.py","5344","code_product_answer_text"
"planner.py","C:\Users\carmi\AI\services\aicarmine_broker\planner.py","5348","partial_product_clean_text"
"planner.py","C:\Users\carmi\AI\services\aicarmine_broker\planner.py","5367","partial_product_answer_text"
"planner.py","C:\Users\carmi\AI\services\aicarmine_broker\planner.py","5375","agent_flow_diagnostics"
"planner.py","C:\Users\carmi\AI\services\aicarmine_broker\planner.py","5391","answer_for_openwebui"
"planner.py","C:\Users\carmi\AI\services\aicarmine_broker\planner.py","5402","next_action_for_openwebui"
"planner.py","C:\Users\carmi\AI\services\aicarmine_broker\planner.py","5444","controller_memory_lesson_text"
"planner.py","C:\Users\carmi\AI\services\aicarmine_broker\planner.py","5464","_write_controller_memory_lesson"
"planner.py","C:\Users\carmi\AI\services\aicarmine_broker\planner.py","5485","loop_turn_memory_text"
"planner.py","C:\Users\carmi\AI\services\aicarmine_broker\planner.py","5502","_write_loop_turn_memory"
"planner.py","C:\Users\carmi\AI\services\aicarmine_broker\planner.py","5522","_terminal_judge_fallback_report"
"planner.py","C:\Users\carmi\AI\services\aicarmine_broker\planner.py","5551","_terminal_judge_markdown"
"planner.py","C:\Users\carmi\AI\services\aicarmine_broker\planner.py","5576","_sanitize_terminal_judge_provider_report"
"planner.py","C:\Users\carmi\AI\services\aicarmine_broker\planner.py","5624","judge_blocked_job"
"planner.py","C:\Users\carmi\AI\services\aicarmine_broker\planner.py","5865","finalize_agentic_job"
"planner.py","C:\Users\carmi\AI\services\aicarmine_broker\planner.py","5972","run_agentic_planner_job"
"planner.py","C:\Users\carmi\AI\services\aicarmine_broker\planner.py","5982","_agentic_tool_allowed"
"planner_intrinsic_context.py","C:\Users\carmi\AI\services\aicarmine_broker\planner_intrinsic_context.py","129","__init__"
"planner_intrinsic_context.py","C:\Users\carmi\AI\services\aicarmine_broker\planner_intrinsic_context.py","136","_compact_text"
"planner_intrinsic_context.py","C:\Users\carmi\AI\services\aicarmine_broker\planner_intrinsic_context.py","143","_json_chars"
"planner_intrinsic_context.py","C:\Users\carmi\AI\services\aicarmine_broker\planner_intrinsic_context.py","147","_goal_tokens"
"planner_intrinsic_context.py","C:\Users\carmi\AI\services\aicarmine_broker\planner_intrinsic_context.py","158","_fts_query"
"planner_intrinsic_context.py","C:\Users\carmi\AI\services\aicarmine_broker\planner_intrinsic_context.py","165","_sqlite_tables"
"planner_intrinsic_context.py","C:\Users\carmi\AI\services\aicarmine_broker\planner_intrinsic_context.py","172","_http_json"
"planner_intrinsic_context.py","C:\Users\carmi\AI\services\aicarmine_broker\planner_intrinsic_context.py","206","_rerank_payload_documents"
"planner_intrinsic_context.py","C:\Users\carmi\AI\services\aicarmine_broker\planner_intrinsic_context.py","211","_rerank_order_from_response"
"planner_intrinsic_context.py","C:\Users\carmi\AI\services\aicarmine_broker\planner_intrinsic_context.py","249","_items_with_missing_rerank_scores"
"planner_intrinsic_context.py","C:\Users\carmi\AI\services\aicarmine_broker\planner_intrinsic_context.py","258","_external_rerank_items"
"planner_intrinsic_context.py","C:\Users\carmi\AI\services\aicarmine_broker\planner_intrinsic_context.py","399","_rag_sqlite_chunks"
"planner_intrinsic_context.py","C:\Users\carmi\AI\services\aicarmine_broker\planner_intrinsic_context.py","554","_memory_items"
"planner_intrinsic_context.py","C:\Users\carmi\AI\services\aicarmine_broker\planner_intrinsic_context.py","594","_repo_map_summary"
"planner_intrinsic_context.py","C:\Users\carmi\AI\services\aicarmine_broker\planner_intrinsic_context.py","609","_failure_patterns"
"planner_intrinsic_context.py","C:\Users\carmi\AI\services\aicarmine_broker\planner_intrinsic_context.py","646","_enforce_budget"
"planner_intrinsic_context.py","C:\Users\carmi\AI\services\aicarmine_broker\planner_intrinsic_context.py","671","build_planner_intrinsic_context"
"planner_loop.py","C:\Users\carmi\AI\services\aicarmine_broker\planner_loop.py","56","run_agentic_planner_job"
"planner_loop.py","C:\Users\carmi\AI\services\aicarmine_broker\planner_loop.py","161","_agentic_tool_allowed"
"public_wrapper.py","C:\Users\carmi\AI\services\aicarmine_broker\public_wrapper.py","12","summary_from_result"
"public_wrapper.py","C:\Users\carmi\AI\services\aicarmine_broker\public_wrapper.py","20","_strip_dispatcher_narrative_aliases"
"public_wrapper.py","C:\Users\carmi\AI\services\aicarmine_broker\public_wrapper.py","39","deterministic_public_wrapper"
"public_wrapper.py","C:\Users\carmi\AI\services\aicarmine_broker\public_wrapper.py","80","fail_selector"
"repo_tools.py","C:\Users\carmi\AI\services\aicarmine_broker\repo_tools.py","112","run_ps"
"repo_tools.py","C:\Users\carmi\AI\services\aicarmine_broker\repo_tools.py","116","compact"
"tool_contract.py","C:\Users\carmi\AI\services\aicarmine_broker\tool_contract.py","17","parse_tool_call"
"tool_contract.py","C:\Users\carmi\AI\services\aicarmine_broker\tool_contract.py","30","normalize_tool_name"
"tool_contract.py","C:\Users\carmi\AI\services\aicarmine_broker\tool_contract.py","35","public_tool"
"tool_contract.py","C:\Users\carmi\AI\services\aicarmine_broker\tool_contract.py","43","public_args"
"tool_contract.py","C:\Users\carmi\AI\services\aicarmine_broker\tool_contract.py","62","text_from_payload"
"tool_contract.py","C:\Users\carmi\AI\services\aicarmine_broker\tool_contract.py","71","bad_path"
"tool_contract.py","C:\Users\carmi\AI\services\aicarmine_broker\tool_contract.py","89","original_text"
"tool_contract.py","C:\Users\carmi\AI\services\aicarmine_broker\tool_contract.py","97","_paths_from_items"
"tool_contract.py","C:\Users\carmi\AI\services\aicarmine_broker\tool_contract.py","120","_preview"
"tool_contract.py","C:\Users\carmi\AI\services\aicarmine_broker\tool_contract.py","127","_diagnostic"
"tool_contract.py","C:\Users\carmi\AI\services\aicarmine_broker\tool_contract.py","147","_dict_arg"
"tool_contract.py","C:\Users\carmi\AI\services\aicarmine_broker\tool_contract.py","155","_bounded_int_arg"
"tool_contract.py","C:\Users\carmi\AI\services\aicarmine_broker\tool_contract.py","173","_attach_tool_arg_diagnostics"
"tool_contract.py","C:\Users\carmi\AI\services\aicarmine_broker\tool_contract.py","182","sanitize_tool_args"
"tool_dispatch.py","C:\Users\carmi\AI\services\aicarmine_broker\tool_dispatch.py","10","dispatch_tool"
"tool_registry.py","C:\Users\carmi\AI\services\aicarmine_broker\tool_registry.py","38","tools_schema"
"tool_registry.py","C:\Users\carmi\AI\services\aicarmine_broker\tool_registry.py","47","registry_hash"
"tool_registry.py","C:\Users\carmi\AI\services\aicarmine_broker\tool_registry.py","52","capability_map"
"tool_schemas.py","C:\Users\carmi\AI\services\aicarmine_broker\tool_schemas.py","21","_tool_schema"
"tool_schemas.py","C:\Users\carmi\AI\services\aicarmine_broker\tool_schemas.py","863","tools_schema"
"tool_schemas.py","C:\Users\carmi\AI\services\aicarmine_broker\tool_schemas.py","884","registry_hash"
"tool_schemas.py","C:\Users\carmi\AI\services\aicarmine_broker\tool_schemas.py","901","capability_map"
"tool_selection.py","C:\Users\carmi\AI\services\aicarmine_broker\tool_selection.py","20","is_generic_repo_analysis"
"tool_selection.py","C:\Users\carmi\AI\services\aicarmine_broker\tool_selection.py","26","needs_composite_review"
"tool_selection.py","C:\Users\carmi\AI\services\aicarmine_broker\tool_selection.py","38","selector_fallback_tool"
"tool_selection.py","C:\Users\carmi\AI\services\aicarmine_broker\tool_selection.py","45","select_internal_tool"
"__init__.py","C:\Users\carmi\AI\services\aicarmine_broker\application\__init__.py","17","__getattr__"
"history.py","C:\Users\carmi\AI\services\aicarmine_broker\application\code_product\history.py","34","invalid_code_product_decision_signature_count"
"history.py","C:\Users\carmi\AI\services\aicarmine_broker\application\code_product\history.py","43","invalid_decision_signature_key"
"history.py","C:\Users\carmi\AI\services\aicarmine_broker\application\code_product\history.py","57","_dict_or_empty"
"history.py","C:\Users\carmi\AI\services\aicarmine_broker\application\code_product\history.py","61","_list_or_empty"
"history.py","C:\Users\carmi\AI\services\aicarmine_broker\application\code_product\history.py","65","code_product_build_state_duplicate_write"
"history.py","C:\Users\carmi\AI\services\aicarmine_broker\application\code_product\history.py","88","code_product_build_state_from_result"
"history.py","C:\Users\carmi\AI\services\aicarmine_broker\application\code_product\history.py","160","latest_code_product_build_state"
"history.py","C:\Users\carmi\AI\services\aicarmine_broker\application\code_product\history.py","177","successful_code_edit_proposals"
"history.py","C:\Users\carmi\AI\services\aicarmine_broker\application\code_product\history.py","186","failed_code_edit_proposal_validation_row"
"history.py","C:\Users\carmi\AI\services\aicarmine_broker\application\code_product\history.py","234","code_product_build_state_read_action"
"history.py","C:\Users\carmi\AI\services\aicarmine_broker\application\code_product\history.py","258","code_product_source_windows_from_reads"
"history.py","C:\Users\carmi\AI\services\aicarmine_broker\application\code_product\history.py","313","code_product_build_state_write_action"
"history.py","C:\Users\carmi\AI\services\aicarmine_broker\application\code_product\history.py","364","code_product_build_state_propose_action"
"history.py","C:\Users\carmi\AI\services\aicarmine_broker\application\code_product\history.py","385","code_product_candidate_action"
"history.py","C:\Users\carmi\AI\services\aicarmine_broker\application\code_product\history.py","416","successful_window_signatures"
"history.py","C:\Users\carmi\AI\services\aicarmine_broker\application\code_product\history.py","438","successful_repo_read_window_ranges"
"history.py","C:\Users\carmi\AI\services\aicarmine_broker\application\code_product\history.py","454","code_product_payload_rejection_count"
"history.py","C:\Users\carmi\AI\services\aicarmine_broker\application\code_product\history.py","477","code_product_source_window_candidate"
"history.py","C:\Users\carmi\AI\services\aicarmine_broker\application\code_product\history.py","520","strip_duplicate_window_candidate"
"history.py","C:\Users\carmi\AI\services\aicarmine_broker\application\code_product\history.py","545","apply_duplicate_window_replan_contract"
"history.py","C:\Users\carmi\AI\services\aicarmine_broker\application\code_product\history.py","688","code_product_low_signal_target"
"public_outputs.py","C:\Users\carmi\AI\services\aicarmine_broker\application\code_product\public_outputs.py","14","latest_code_product_payload"
"public_outputs.py","C:\Users\carmi\AI\services\aicarmine_broker\application\code_product\public_outputs.py","29","code_product_answer_text"
"public_outputs.py","C:\Users\carmi\AI\services\aicarmine_broker\application\code_product\public_outputs.py","74","partial_product_clean_text"
"public_outputs.py","C:\Users\carmi\AI\services\aicarmine_broker\application\code_product\public_outputs.py","90","add"
"public_outputs.py","C:\Users\carmi\AI\services\aicarmine_broker\application\code_product\public_outputs.py","217","partial_product_answer_text"
"required_working_set.py","C:\Users\carmi\AI\services\aicarmine_broker\application\code_product\required_working_set.py","14","latest_code_product_for_prompt"
"state.py","C:\Users\carmi\AI\services\aicarmine_broker\application\code_product\state.py","15","code_product_build_state_section"
"state.py","C:\Users\carmi\AI\services\aicarmine_broker\application\code_product\state.py","20","code_product_build_state_parse"
"state.py","C:\Users\carmi\AI\services\aicarmine_broker\application\code_product\state.py","30","code_product_build_state_ready_payload"
"state.py","C:\Users\carmi\AI\services\aicarmine_broker\application\code_product\state.py","69","code_product_build_state_has_collecting_progress"
"state.py","C:\Users\carmi\AI\services\aicarmine_broker\application\code_product\state.py","94","code_product_has_preview_substitute"
"state.py","C:\Users\carmi\AI\services\aicarmine_broker\application\code_product\state.py","114","code_product_payload_violations"
"state.py","C:\Users\carmi\AI\services\aicarmine_broker\application\code_product\state.py","168","goal_exact_text_block"
"state.py","C:\Users\carmi\AI\services\aicarmine_broker\application\code_product\state.py","204","copyable_example_text"
"state.py","C:\Users\carmi\AI\services\aicarmine_broker\application\code_product\state.py","230","code_product_action_has_complete_payload"
"__init__.py","C:\Users\carmi\AI\services\aicarmine_broker\application\code_product\__init__.py","21","__getattr__"
"execution_policy.py","C:\Users\carmi\AI\services\aicarmine_broker\application\command\execution_policy.py","20","_as_path"
"execution_policy.py","C:\Users\carmi\AI\services\aicarmine_broker\application\command\execution_policy.py","29","_under_repo"
"execution_policy.py","C:\Users\carmi\AI\services\aicarmine_broker\application\command\execution_policy.py","39","_has_consent"
"execution_policy.py","C:\Users\carmi\AI\services\aicarmine_broker\application\command\execution_policy.py","44","_has_strong_consent"
"execution_policy.py","C:\Users\carmi\AI\services\aicarmine_broker\application\command\execution_policy.py","52","_mentions_local_user_path"
"execution_policy.py","C:\Users\carmi\AI\services\aicarmine_broker\application\command\execution_policy.py","56","_result"
"execution_policy.py","C:\Users\carmi\AI\services\aicarmine_broker\application\command\execution_policy.py","82","evaluate_command_execution_policy"
"diagnostics.py","C:\Users\carmi\AI\services\aicarmine_broker\application\controller\diagnostics.py","13","agent_flow_diagnostics"
"guards.py","C:\Users\carmi\AI\services\aicarmine_broker\application\controller\guards.py","21","controller_guard_count"
"guards.py","C:\Users\carmi\AI\services\aicarmine_broker\application\controller\guards.py","39","_stable_support_subturn_arguments"
"guards.py","C:\Users\carmi\AI\services\aicarmine_broker\application\controller\guards.py","71","controller_guard_rejection_signature"
"guards.py","C:\Users\carmi\AI\services\aicarmine_broker\application\controller\guards.py","94","controller_guard_rejection_signature_count"
"guards.py","C:\Users\carmi\AI\services\aicarmine_broker\application\controller\guards.py","119","recoverable_planner_block"
"memory.py","C:\Users\carmi\AI\services\aicarmine_broker\application\controller\memory.py","16","controller_memory_target_key"
"memory.py","C:\Users\carmi\AI\services\aicarmine_broker\application\controller\memory.py","26","_clip_memory_text"
"memory.py","C:\Users\carmi\AI\services\aicarmine_broker\application\controller\memory.py","34","_memory_text_diagnostics"
"memory.py","C:\Users\carmi\AI\services\aicarmine_broker\application\controller\memory.py","44","_controller_memory_lesson_raw_text"
"memory.py","C:\Users\carmi\AI\services\aicarmine_broker\application\controller\memory.py","81","controller_memory_lesson_text"
"memory.py","C:\Users\carmi\AI\services\aicarmine_broker\application\controller\memory.py","97","write_controller_memory_lesson"
"memory.py","C:\Users\carmi\AI\services\aicarmine_broker\application\controller\memory.py","146","_loop_turn_memory_raw_text"
"memory.py","C:\Users\carmi\AI\services\aicarmine_broker\application\controller\memory.py","183","loop_turn_memory_text"
"memory.py","C:\Users\carmi\AI\services\aicarmine_broker\application\controller\memory.py","206","write_loop_turn_memory"
"orientation_lane.py","C:\Users\carmi\AI\services\aicarmine_broker\application\controller\orientation_lane.py","24","orientation_shadow_effective_mode"
"orientation_lane.py","C:\Users\carmi\AI\services\aicarmine_broker\application\controller\orientation_lane.py","51","orientation_legacy_selected_candidate_ids"
"orientation_lane.py","C:\Users\carmi\AI\services\aicarmine_broker\application\controller\orientation_lane.py","180","orientation_shadow_selection_metrics"
"orientation_lane.py","C:\Users\carmi\AI\services\aicarmine_broker\application\controller\orientation_lane.py","222","sanitize"
"orientation_lane.py","C:\Users\carmi\AI\services\aicarmine_broker\application\controller\orientation_lane.py","279","_apply_runtime_metadata"
"orientation_lane.py","C:\Users\carmi\AI\services\aicarmine_broker\application\controller\orientation_lane.py","301","_extract_orientation_response_object"
"orientation_lane.py","C:\Users\carmi\AI\services\aicarmine_broker\application\controller\orientation_lane.py","374","sanitize_orientation_selection"
"orientation_lane.py","C:\Users\carmi\AI\services\aicarmine_broker\application\controller\orientation_lane.py","497","controller_orientation_model_select"
"preseed.py","C:\Users\carmi\AI\services\aicarmine_broker\application\controller\preseed.py","23","controller_preplanner_rag_preseed_plan"
"preseed.py","C:\Users\carmi\AI\services\aicarmine_broker\application\controller\preseed.py","37","controller_preseed_plan"
"preseed.py","C:\Users\carmi\AI\services\aicarmine_broker\application\controller\preseed.py","51","controller_preplanner_rag_query_plan"
"preseed.py","C:\Users\carmi\AI\services\aicarmine_broker\application\controller\preseed.py","65","root_surface_entries"
"preseed.py","C:\Users\carmi\AI\services\aicarmine_broker\application\controller\preseed.py","89","root_surface_file_paths"
"preseed.py","C:\Users\carmi\AI\services\aicarmine_broker\application\controller\preseed.py","106","root_surface_dir_paths"
"preseed.py","C:\Users\carmi\AI\services\aicarmine_broker\application\controller\preseed.py","124","initial_doc_sort_key"
"preseed.py","C:\Users\carmi\AI\services\aicarmine_broker\application\controller\preseed.py","132","controller_initial_doc_preseed_plan"
"preseed.py","C:\Users\carmi\AI\services\aicarmine_broker\application\controller\preseed.py","176","initial_area_sort_key"
"preseed.py","C:\Users\carmi\AI\services\aicarmine_broker\application\controller\preseed.py","181","controller_initial_area_list_plans"
"preseed.py","C:\Users\carmi\AI\services\aicarmine_broker\application\controller\preseed.py","215","controller_initial_orientation_candidate_pool"
"preseed.py","C:\Users\carmi\AI\services\aicarmine_broker\application\controller\preseed.py","309","list_result_file_paths"
"preseed.py","C:\Users\carmi\AI\services\aicarmine_broker\application\controller\preseed.py","332","initial_area_file_sort_key"
"preseed.py","C:\Users\carmi\AI\services\aicarmine_broker\application\controller\preseed.py","349","controller_initial_area_read_plan"
"rag_preseed.py","C:\Users\carmi\AI\services\aicarmine_broker\application\controller\rag_preseed.py","88","__init__"
"rag_preseed.py","C:\Users\carmi\AI\services\aicarmine_broker\application\controller\rag_preseed.py","98","__init__"
"rag_preseed.py","C:\Users\carmi\AI\services\aicarmine_broker\application\controller\rag_preseed.py","102","_low_signal_ranked_path"
"rag_preseed.py","C:\Users\carmi\AI\services\aicarmine_broker\application\controller\rag_preseed.py","114","_top_dir"
"rag_preseed.py","C:\Users\carmi\AI\services\aicarmine_broker\application\controller\rag_preseed.py","119","_path_family"
"rag_preseed.py","C:\Users\carmi\AI\services\aicarmine_broker\application\controller\rag_preseed.py","124","_code_security_analysis_goal"
"rag_preseed.py","C:\Users\carmi\AI\services\aicarmine_broker\application\controller\rag_preseed.py","143","_preplanner_goal_class"
"rag_preseed.py","C:\Users\carmi\AI\services\aicarmine_broker\application\controller\rag_preseed.py","164","_preplanner_goal_class_from_intent"
"rag_preseed.py","C:\Users\carmi\AI\services\aicarmine_broker\application\controller\rag_preseed.py","202","_boolish"
"rag_preseed.py","C:\Users\carmi\AI\services\aicarmine_broker\application\controller\rag_preseed.py","210","_optional_boolish"
"rag_preseed.py","C:\Users\carmi\AI\services\aicarmine_broker\application\controller\rag_preseed.py","223","_first_present"
"rag_preseed.py","C:\Users\carmi\AI\services\aicarmine_broker\application\controller\rag_preseed.py","230","_sanitize_preplanner_semantic_intent"
"rag_preseed.py","C:\Users\carmi\AI\services\aicarmine_broker\application\controller\rag_preseed.py","354","_query_plan_max_queries"
"rag_preseed.py","C:\Users\carmi\AI\services\aicarmine_broker\application\controller\rag_preseed.py","358","_sanitize_query_text"
"rag_preseed.py","C:\Users\carmi\AI\services\aicarmine_broker\application\controller\rag_preseed.py","365","_extract_query_plan_response_text"
"rag_preseed.py","C:\Users\carmi\AI\services\aicarmine_broker\application\controller\rag_preseed.py","376","_parse_json_object_diagnostics"
"rag_preseed.py","C:\Users\carmi\AI\services\aicarmine_broker\application\controller\rag_preseed.py","434","_parse_json_object"
"rag_preseed.py","C:\Users\carmi\AI\services\aicarmine_broker\application\controller\rag_preseed.py","441","query_plan_continue_without_model"
"rag_preseed.py","C:\Users\carmi\AI\services\aicarmine_broker\application\controller\rag_preseed.py","474","_repair_preplanner_query_plan_json"
"rag_preseed.py","C:\Users\carmi\AI\services\aicarmine_broker\application\controller\rag_preseed.py","595","_sanitize_preplanner_query_plan"
"rag_preseed.py","C:\Users\carmi\AI\services\aicarmine_broker\application\controller\rag_preseed.py","670","controller_preplanner_rag_query_plan"
"rag_preseed.py","C:\Users\carmi\AI\services\aicarmine_broker\application\controller\rag_preseed.py","845","payload_for_attempt"
"rag_preseed.py","C:\Users\carmi\AI\services\aicarmine_broker\application\controller\rag_preseed.py","979","_path_policy_score"
"rag_preseed.py","C:\Users\carmi\AI\services\aicarmine_broker\application\controller\rag_preseed.py","1035","_select_ranked_paths"
"rag_preseed.py","C:\Users\carmi\AI\services\aicarmine_broker\application\controller\rag_preseed.py","1051","add"
"rag_preseed.py","C:\Users\carmi\AI\services\aicarmine_broker\application\controller\rag_preseed.py","1089","_env_bool"
"rag_preseed.py","C:\Users\carmi\AI\services\aicarmine_broker\application\controller\rag_preseed.py","1096","_env_int"
"rag_preseed.py","C:\Users\carmi\AI\services\aicarmine_broker\application\controller\rag_preseed.py","1107","_env_int_optional"
"rag_preseed.py","C:\Users\carmi\AI\services\aicarmine_broker\application\controller\rag_preseed.py","1118","_env_float"
"rag_preseed.py","C:\Users\carmi\AI\services\aicarmine_broker\application\controller\rag_preseed.py","1129","_default_controller_rag_db"
"rag_preseed.py","C:\Users\carmi\AI\services\aicarmine_broker\application\controller\rag_preseed.py","1138","_rag_indexer_operator_hint"
"rag_preseed.py","C:\Users\carmi\AI\services\aicarmine_broker\application\controller\rag_preseed.py","1144","_load_codex_rag_indexer"
"rag_preseed.py","C:\Users\carmi\AI\services\aicarmine_broker\application\controller\rag_preseed.py","1210","_parse_suffixes"
"rag_preseed.py","C:\Users\carmi\AI\services\aicarmine_broker\application\controller\rag_preseed.py","1223","_query_terms"
"rag_preseed.py","C:\Users\carmi\AI\services\aicarmine_broker\application\controller\rag_preseed.py","1241","_fts_query"
"rag_preseed.py","C:\Users\carmi\AI\services\aicarmine_broker\application\controller\rag_preseed.py","1245","_sqlite_tables"
"rag_preseed.py","C:\Users\carmi\AI\services\aicarmine_broker\application\controller\rag_preseed.py","1252","_index_meta"
"rag_preseed.py","C:\Users\carmi\AI\services\aicarmine_broker\application\controller\rag_preseed.py","1261","_explicit_path_texts"
"rag_preseed.py","C:\Users\carmi\AI\services\aicarmine_broker\application\controller\rag_preseed.py","1275","_literal_path_candidates"
"rag_preseed.py","C:\Users\carmi\AI\services\aicarmine_broker\application\controller\rag_preseed.py","1285","_indexed_literal_request_paths"
"rag_preseed.py","C:\Users\carmi\AI\services\aicarmine_broker\application\controller\rag_preseed.py","1357","_semantic_owner_target_paths"
"rag_preseed.py","C:\Users\carmi\AI\services\aicarmine_broker\application\controller\rag_preseed.py","1402","_http_json_post"
"rag_preseed.py","C:\Users\carmi\AI\services\aicarmine_broker\application\controller\rag_preseed.py","1436","_parse_rerank_results"
"rag_preseed.py","C:\Users\carmi\AI\services\aicarmine_broker\application\controller\rag_preseed.py","1461","_rerank_ranked_items"
"rag_preseed.py","C:\Users\carmi\AI\services\aicarmine_broker\application\controller\rag_preseed.py","1607","_ranked_paths_from_codex_rag"
"rag_preseed.py","C:\Users\carmi\AI\services\aicarmine_broker\application\controller\rag_preseed.py","1796","_anchor_paths"
"rag_preseed.py","C:\Users\carmi\AI\services\aicarmine_broker\application\controller\rag_preseed.py","1812","controller_preplanner_rag_preseed_plan"
"__init__.py","C:\Users\carmi\AI\services\aicarmine_broker\application\controller\__init__.py","23","__getattr__"
"audit_guidance.py","C:\Users\carmi\AI\services\aicarmine_broker\application\evidence\audit_guidance.py","117","goal_requests_semantic_audit"
"audit_guidance.py","C:\Users\carmi\AI\services\aicarmine_broker\application\evidence\audit_guidance.py","122","audit_owner_targets"
"audit_guidance.py","C:\Users\carmi\AI\services\aicarmine_broker\application\evidence\audit_guidance.py","126","audit_guidance_for_goal"
"audit_guidance.py","C:\Users\carmi\AI\services\aicarmine_broker\application\evidence\audit_guidance.py","151","role_guidance_for_goal"
"audit_guidance.py","C:\Users\carmi\AI\services\aicarmine_broker\application\evidence\audit_guidance.py","192","role_guidance_text"
"audit_guidance.py","C:\Users\carmi\AI\services\aicarmine_broker\application\evidence\audit_guidance.py","198","final_audit_red_flags"
"audit_guidance.py","C:\Users\carmi\AI\services\aicarmine_broker\application\evidence\audit_guidance.py","201","hits"
"audit_guidance.py","C:\Users\carmi\AI\services\aicarmine_broker\application\evidence\audit_guidance.py","211","pending_read_or_search_actions"
"builder.py","C:\Users\carmi\AI\services\aicarmine_broker\application\evidence\builder.py","45","_preplanner_semantic_intent_from_orientation"
"builder.py","C:\Users\carmi\AI\services\aicarmine_broker\application\evidence\builder.py","70","_semantic_classification_with_preplanner_intent"
"builder.py","C:\Users\carmi\AI\services\aicarmine_broker\application\evidence\builder.py","119","_goal_requests_code_product_from_semantics"
"builder.py","C:\Users\carmi\AI\services\aicarmine_broker\application\evidence\builder.py","135","_goal_requests_apply_from_semantics"
"builder.py","C:\Users\carmi\AI\services\aicarmine_broker\application\evidence\builder.py","148","_micro_batch_contract_from_candidates"
"builder.py","C:\Users\carmi\AI\services\aicarmine_broker\application\evidence\builder.py","206","_history_result"
"builder.py","C:\Users\carmi\AI\services\aicarmine_broker\application\evidence\builder.py","215","_collect_result_paths"
"builder.py","C:\Users\carmi\AI\services\aicarmine_broker\application\evidence\builder.py","237","_tool_result_paths"
"builder.py","C:\Users\carmi\AI\services\aicarmine_broker\application\evidence\builder.py","250","_goal_mentions_repo_path"
"builder.py","C:\Users\carmi\AI\services\aicarmine_broker\application\evidence\builder.py","263","_path_covers_target"
"builder.py","C:\Users\carmi\AI\services\aicarmine_broker\application\evidence\builder.py","271","_validation_covers_modified_files"
"builder.py","C:\Users\carmi\AI\services\aicarmine_broker\application\evidence\builder.py","282","_post_write_validation_candidates"
"builder.py","C:\Users\carmi\AI\services\aicarmine_broker\application\evidence\builder.py","320","_post_write_validation_contract"
"builder.py","C:\Users\carmi\AI\services\aicarmine_broker\application\evidence\builder.py","410","build"
"builder.py","C:\Users\carmi\AI\services\aicarmine_broker\application\evidence\builder.py","955","add_apply_target"
"builder.py","C:\Users\carmi\AI\services\aicarmine_broker\application\evidence\builder.py","1120","add_code_product_requested_target"
"builder.py","C:\Users\carmi\AI\services\aicarmine_broker\application\evidence\builder.py","1219","_append_owner_path"
"builder.py","C:\Users\carmi\AI\services\aicarmine_broker\application\evidence\builder.py","1224","_owner_core_readable_path"
"builder.py","C:\Users\carmi\AI\services\aicarmine_broker\application\evidence\builder.py","2306","_clear_surface_lock_if_safe"
"builder.py","C:\Users\carmi\AI\services\aicarmine_broker\application\evidence\builder.py","2405","planner_evidence_contract"
"core_discovery.py","C:\Users\carmi\AI\services\aicarmine_broker\application\evidence\core_discovery.py","18","add_core_discovery_candidate"
"core_discovery.py","C:\Users\carmi\AI\services\aicarmine_broker\application\evidence\core_discovery.py","67","core_discovery_candidates_from_intrinsic"
"core_discovery.py","C:\Users\carmi\AI\services\aicarmine_broker\application\evidence\core_discovery.py","177","core_discovery_read_paths"
"coverage_scorer.py","C:\Users\carmi\AI\services\aicarmine_broker\application\evidence\coverage_scorer.py","19","_clamp_score"
"coverage_scorer.py","C:\Users\carmi\AI\services\aicarmine_broker\application\evidence\coverage_scorer.py","23","_verified_paths"
"coverage_scorer.py","C:\Users\carmi\AI\services\aicarmine_broker\application\evidence\coverage_scorer.py","32","score_evidence_coverage"
"entry_point_analyzer.py","C:\Users\carmi\AI\services\aicarmine_broker\application\evidence\entry_point_analyzer.py","15","__init__"
"entry_point_analyzer.py","C:\Users\carmi\AI\services\aicarmine_broker\application\evidence\entry_point_analyzer.py","18","scan_for_functions"
"entry_point_analyzer.py","C:\Users\carmi\AI\services\aicarmine_broker\application\evidence\entry_point_analyzer.py","41","identify_entry_points"
"entry_point_analyzer.py","C:\Users\carmi\AI\services\aicarmine_broker\application\evidence\entry_point_analyzer.py","70","calculate_coverage"
"execution_digest.py","C:\Users\carmi\AI\services\aicarmine_broker\application\evidence\execution_digest.py","17","latest_file_list_result"
"execution_digest.py","C:\Users\carmi\AI\services\aicarmine_broker\application\evidence\execution_digest.py","39","repo_read_content_views"
"execution_digest.py","C:\Users\carmi\AI\services\aicarmine_broker\application\evidence\execution_digest.py","107","execution_evidence_digest_text"
"final_quality.py","C:\Users\carmi\AI\services\aicarmine_broker\application\evidence\final_quality.py","30","repo_analysis_final_answer_model_quality"
"final_quality.py","C:\Users\carmi\AI\services\aicarmine_broker\application\evidence\final_quality.py","58","_append_unique"
"final_quality.py","C:\Users\carmi\AI\services\aicarmine_broker\application\evidence\final_quality.py","64","_clip_text"
"final_quality.py","C:\Users\carmi\AI\services\aicarmine_broker\application\evidence\final_quality.py","71","_compact_list"
"final_quality.py","C:\Users\carmi\AI\services\aicarmine_broker\application\evidence\final_quality.py","77","_compact_mapping"
"final_quality.py","C:\Users\carmi\AI\services\aicarmine_broker\application\evidence\final_quality.py","92","_verified_read_summary"
"final_quality.py","C:\Users\carmi\AI\services\aicarmine_broker\application\evidence\final_quality.py","128","_final_quality_rag_tool_surface"
"final_quality.py","C:\Users\carmi\AI\services\aicarmine_broker\application\evidence\final_quality.py","162","_final_quality_contract_summary"
"final_quality.py","C:\Users\carmi\AI\services\aicarmine_broker\application\evidence\final_quality.py","228","_read_note_rows"
"final_quality.py","C:\Users\carmi\AI\services\aicarmine_broker\application\evidence\final_quality.py","241","_evidence_paths"
"final_quality.py","C:\Users\carmi\AI\services\aicarmine_broker\application\evidence\final_quality.py","257","_path_hit_count"
"final_quality.py","C:\Users\carmi\AI\services\aicarmine_broker\application\evidence\final_quality.py","271","_repoish_path_token"
"final_quality.py","C:\Users\carmi\AI\services\aicarmine_broker\application\evidence\final_quality.py","281","_path_is_concrete_repo_path"
"final_quality.py","C:\Users\carmi\AI\services\aicarmine_broker\application\evidence\final_quality.py","296","_contract_read_allowlist"
"final_quality.py","C:\Users\carmi\AI\services\aicarmine_broker\application\evidence\final_quality.py","300","add"
"final_quality.py","C:\Users\carmi\AI\services\aicarmine_broker\application\evidence\final_quality.py","331","_coalesce_required_next_missing_paths"
"final_quality.py","C:\Users\carmi\AI\services\aicarmine_broker\application\evidence\final_quality.py","346","_final_path_tokens"
"final_quality.py","C:\Users\carmi\AI\services\aicarmine_broker\application\evidence\final_quality.py","355","_coalesce_unique_paths"
"final_quality.py","C:\Users\carmi\AI\services\aicarmine_broker\application\evidence\final_quality.py","365","_path_items"
"final_quality.py","C:\Users\carmi\AI\services\aicarmine_broker\application\evidence\final_quality.py","374","_repo_read_completed_paths"
"final_quality.py","C:\Users\carmi\AI\services\aicarmine_broker\application\evidence\final_quality.py","378","add"
"final_quality.py","C:\Users\carmi\AI\services\aicarmine_broker\application\evidence\final_quality.py","399","_repo_read_path_allowlist"
"final_quality.py","C:\Users\carmi\AI\services\aicarmine_broker\application\evidence\final_quality.py","403","add"
"final_quality.py","C:\Users\carmi\AI\services\aicarmine_broker\application\evidence\final_quality.py","443","_known_repo_paths"
"final_quality.py","C:\Users\carmi\AI\services\aicarmine_broker\application\evidence\final_quality.py","447","add"
"final_quality.py","C:\Users\carmi\AI\services\aicarmine_broker\application\evidence\final_quality.py","484","_known_repo_dirs"
"final_quality.py","C:\Users\carmi\AI\services\aicarmine_broker\application\evidence\final_quality.py","493","_route_token_is_prose_or_metric"
"final_quality.py","C:\Users\carmi\AI\services\aicarmine_broker\application\evidence\final_quality.py","518","_search_query_is_concrete"
"final_quality.py","C:\Users\carmi\AI\services\aicarmine_broker\application\evidence\final_quality.py","545","_record_invalid_required_next_tool_call"
"final_quality.py","C:\Users\carmi\AI\services\aicarmine_broker\application\evidence\final_quality.py","562","_allowed_concrete_repo_path"
"final_quality.py","C:\Users\carmi\AI\services\aicarmine_broker\application\evidence\final_quality.py","573","_normalize_required_next_tool_call_paths"
"final_quality.py","C:\Users\carmi\AI\services\aicarmine_broker\application\evidence\final_quality.py","616","_required_next_output_sections"
"final_quality.py","C:\Users\carmi\AI\services\aicarmine_broker\application\evidence\final_quality.py","635","_required_next_missing_evidences"
"final_quality.py","C:\Users\carmi\AI\services\aicarmine_broker\application\evidence\final_quality.py","644","add_path"
"final_quality.py","C:\Users\carmi\AI\services\aicarmine_broker\application\evidence\final_quality.py","663","_known_path_tokens"
"final_quality.py","C:\Users\carmi\AI\services\aicarmine_broker\application\evidence\final_quality.py","666","add"
"final_quality.py","C:\Users\carmi\AI\services\aicarmine_broker\application\evidence\final_quality.py","690","_unverified_final_path_tokens"
"final_quality.py","C:\Users\carmi\AI\services\aicarmine_broker\application\evidence\final_quality.py","708","_concept_present"
"final_quality.py","C:\Users\carmi\AI\services\aicarmine_broker\application\evidence\final_quality.py","712","_absolute_no_issue_claim"
"final_quality.py","C:\Users\carmi\AI\services\aicarmine_broker\application\evidence\final_quality.py","728","_absolute_repo_no_issue_claim"
"final_quality.py","C:\Users\carmi\AI\services\aicarmine_broker\application\evidence\final_quality.py","740","_declares_partial_or_limited_coverage"
"final_quality.py","C:\Users\carmi\AI\services\aicarmine_broker\application\evidence\final_quality.py","754","_claims_deep_or_complete_review"
"final_quality.py","C:\Users\carmi\AI\services\aicarmine_broker\application\evidence\final_quality.py","765","repo_analysis_final_answer_quality"
"final_quality.py","C:\Users\carmi\AI\services\aicarmine_broker\application\evidence\final_quality.py","1027","repo_analysis_final_answer_model_quality_request"
"final_quality.py","C:\Users\carmi\AI\services\aicarmine_broker\application\evidence\final_quality.py","1089","_violation_code"
"final_quality.py","C:\Users\carmi\AI\services\aicarmine_broker\application\evidence\final_quality.py","1101","_sanitize_required_next_tool_call"
"final_quality.py","C:\Users\carmi\AI\services\aicarmine_broker\application\evidence\final_quality.py","1200","_sanitize_required_next_output_sections"
"final_quality.py","C:\Users\carmi\AI\services\aicarmine_broker\application\evidence\final_quality.py","1210","_sanitize_required_next_missing_evidences"
"final_quality.py","C:\Users\carmi\AI\services\aicarmine_broker\application\evidence\final_quality.py","1223","sanitize_repo_analysis_final_model_quality"
"final_quality.py","C:\Users\carmi\AI\services\aicarmine_broker\application\evidence\final_quality.py","1321","repo_analysis_final_answer_too_shallow"
"goal_classifier.py","C:\Users\carmi\AI\services\aicarmine_broker\application\evidence\goal_classifier.py","18","goal_requires_code_product_report"
"goal_classifier.py","C:\Users\carmi\AI\services\aicarmine_broker\application\evidence\goal_classifier.py","24","semantic_goal_text"
"goal_classifier.py","C:\Users\carmi\AI\services\aicarmine_broker\application\evidence\goal_classifier.py","50","semantic_goal_low"
"goal_classifier.py","C:\Users\carmi\AI\services\aicarmine_broker\application\evidence\goal_classifier.py","54","goal_is_tool_envelope"
"goal_classifier.py","C:\Users\carmi\AI\services\aicarmine_broker\application\evidence\goal_classifier.py","65","input_error_goal"
"goal_classifier.py","C:\Users\carmi\AI\services\aicarmine_broker\application\evidence\goal_classifier.py","69","has_any"
"goal_classifier.py","C:\Users\carmi\AI\services\aicarmine_broker\application\evidence\goal_classifier.py","115","goal_operational_intent_text"
"goal_classifier.py","C:\Users\carmi\AI\services\aicarmine_broker\application\evidence\goal_classifier.py","123","goal_has_negative_write_constraints"
"goal_classifier.py","C:\Users\carmi\AI\services\aicarmine_broker\application\evidence\goal_classifier.py","128","_positive_code_product_marker"
"goal_classifier.py","C:\Users\carmi\AI\services\aicarmine_broker\application\evidence\goal_classifier.py","173","goal_report_only_code_product_marker"
"goal_classifier.py","C:\Users\carmi\AI\services\aicarmine_broker\application\evidence\goal_classifier.py","179","goal_diff_output_not_apply_marker"
"goal_classifier.py","C:\Users\carmi\AI\services\aicarmine_broker\application\evidence\goal_classifier.py","212","goal_requests_code_product"
"goal_classifier.py","C:\Users\carmi\AI\services\aicarmine_broker\application\evidence\goal_classifier.py","219","goal_requires_code_security_coverage"
"goal_classifier.py","C:\Users\carmi\AI\services\aicarmine_broker\application\evidence\goal_classifier.py","242","goal_requests_apply"
"goal_classifier.py","C:\Users\carmi\AI\services\aicarmine_broker\application\evidence\goal_classifier.py","258","final_answer_has_inline_code_product"
"goal_classifier.py","C:\Users\carmi\AI\services\aicarmine_broker\application\evidence\goal_classifier.py","269","final_answer_is_action_plan_without_code_product"
"goal_classifier.py","C:\Users\carmi\AI\services\aicarmine_broker\application\evidence\goal_classifier.py","285","semantic_goal_classification"
"goal_classifier.py","C:\Users\carmi\AI\services\aicarmine_broker\application\evidence\goal_classifier.py","375","effective_repo_analysis_goal"
"goal_scope.py","C:\Users\carmi\AI\services\aicarmine_broker\application\evidence\goal_scope.py","31","_existing_repo_file"
"goal_scope.py","C:\Users\carmi\AI\services\aicarmine_broker\application\evidence\goal_scope.py","46","_goal_path_candidates"
"goal_scope.py","C:\Users\carmi\AI\services\aicarmine_broker\application\evidence\goal_scope.py","55","extract_existing_goal_path"
"goal_scope.py","C:\Users\carmi\AI\services\aicarmine_broker\application\evidence\goal_scope.py","71","extract_existing_goal_paths"
"goal_scope.py","C:\Users\carmi\AI\services\aicarmine_broker\application\evidence\goal_scope.py","86","requested_file_limit_from_goal"
"goal_scope.py","C:\Users\carmi\AI\services\aicarmine_broker\application\evidence\goal_scope.py","102","goal_requested_repo_scope"
"initial_orientation.py","C:\Users\carmi\AI\services\aicarmine_broker\application\evidence\initial_orientation.py","13","initial_orientation_surface_from_history"
"repo_history.py","C:\Users\carmi\AI\services\aicarmine_broker\application\evidence\repo_history.py","18","append_unique"
"repo_history.py","C:\Users\carmi\AI\services\aicarmine_broker\application\evidence\repo_history.py","26","read_items_from_history"
"repo_history.py","C:\Users\carmi\AI\services\aicarmine_broker\application\evidence\repo_history.py","56","extract_headings"
"repo_history.py","C:\Users\carmi\AI\services\aicarmine_broker\application\evidence\repo_history.py","69","extract_key_lines"
"repo_history.py","C:\Users\carmi\AI\services\aicarmine_broker\application\evidence\repo_history.py","89","extract_mentioned_paths"
"repo_history.py","C:\Users\carmi\AI\services\aicarmine_broker\application\evidence\repo_history.py","101","file_memory_from_history"
"repo_history.py","C:\Users\carmi\AI\services\aicarmine_broker\application\evidence\repo_history.py","124","repo_list_evidence"
"repo_history.py","C:\Users\carmi\AI\services\aicarmine_broker\application\evidence\repo_history.py","169","successful_repo_read_paths"
"repo_history.py","C:\Users\carmi\AI\services\aicarmine_broker\application\evidence\repo_history.py","196","failed_repo_read_paths"
"repo_history.py","C:\Users\carmi\AI\services\aicarmine_broker\application\evidence\repo_history.py","210","failed_repo_list_files_paths"
"repo_history.py","C:\Users\carmi\AI\services\aicarmine_broker\application\evidence\repo_history.py","222","rank_core_candidates"
"repo_history.py","C:\Users\carmi\AI\services\aicarmine_broker\application\evidence\repo_history.py","232","add"
"repo_path_policy.py","C:\Users\carmi\AI\services\aicarmine_broker\application\evidence\repo_path_policy.py","15","repo_existing_dir"
"repo_path_policy.py","C:\Users\carmi\AI\services\aicarmine_broker\application\evidence\repo_path_policy.py","25","repo_existing_file"
"repo_path_policy.py","C:\Users\carmi\AI\services\aicarmine_broker\application\evidence\repo_path_policy.py","35","repo_path_kind"
"repo_path_policy.py","C:\Users\carmi\AI\services\aicarmine_broker\application\evidence\repo_path_policy.py","52","repo_doc_or_config"
"repo_path_policy.py","C:\Users\carmi\AI\services\aicarmine_broker\application\evidence\repo_path_policy.py","65","repo_code_file"
"repo_path_policy.py","C:\Users\carmi\AI\services\aicarmine_broker\application\evidence\repo_path_policy.py","73","repo_readable_evidence_file"
"repo_path_policy.py","C:\Users\carmi\AI\services\aicarmine_broker\application\evidence\repo_path_policy.py","89","path_under_scope"
"repo_path_policy.py","C:\Users\carmi\AI\services\aicarmine_broker\application\evidence\repo_path_policy.py","99","top_dir"
"repo_path_policy.py","C:\Users\carmi\AI\services\aicarmine_broker\application\evidence\repo_path_policy.py","104","low_signal_top_dir"
"repo_path_policy.py","C:\Users\carmi\AI\services\aicarmine_broker\application\evidence\repo_path_policy.py","114","read_candidate_sort_key"
"repo_path_policy.py","C:\Users\carmi\AI\services\aicarmine_broker\application\evidence\repo_path_policy.py","150","dynamic_read_candidate_paths"
"repo_path_policy.py","C:\Users\carmi\AI\services\aicarmine_broker\application\evidence\repo_path_policy.py","189","scope_candidate_source_paths"
"repo_path_policy.py","C:\Users\carmi\AI\services\aicarmine_broker\application\evidence\repo_path_policy.py","202","scope_read_candidates_from_evidence"
"repo_path_policy.py","C:\Users\carmi\AI\services\aicarmine_broker\application\evidence\repo_path_policy.py","222","meaningful_read_candidates_from_evidence"
"required_working_set.py","C:\Users\carmi\AI\services\aicarmine_broker\application\evidence\required_working_set.py","20","repo_readable_evidence_file"
"required_working_set.py","C:\Users\carmi\AI\services\aicarmine_broker\application\evidence\required_working_set.py","41","repo_read_items_for_prompt"
"required_working_set.py","C:\Users\carmi\AI\services\aicarmine_broker\application\evidence\required_working_set.py","138","required_working_set_for_prompt"
"scope_conflict_resolution.py","C:\Users\carmi\AI\services\aicarmine_broker\application\evidence\scope_conflict_resolution.py","26","target_scope_conflict_resolved"
"user_scope_claims.py","C:\Users\carmi\AI\services\aicarmine_broker\application\evidence\user_scope_claims.py","14","normalize_scope_claim_text"
"user_scope_claims.py","C:\Users\carmi\AI\services\aicarmine_broker\application\evidence\user_scope_claims.py","25","claim_area_from_user_token"
"user_scope_claims.py","C:\Users\carmi\AI\services\aicarmine_broker\application\evidence\user_scope_claims.py","46","user_scope_claims"
"user_scope_claims.py","C:\Users\carmi\AI\services\aicarmine_broker\application\evidence\user_scope_claims.py","86","scope_claim_conflict_for_path"
"__init__.py","C:\Users\carmi\AI\services\aicarmine_broker\application\evidence\__init__.py","31","__getattr__"
"action_router.py","C:\Users\carmi\AI\services\aicarmine_broker\application\job\action_router.py","48","handle"
"action_router.py","C:\Users\carmi\AI\services\aicarmine_broker\application\job\action_router.py","104","_timeout_seconds"
"action_router.py","C:\Users\carmi\AI\services\aicarmine_broker\application\job\action_router.py","135","_job_action"
"action_router.py","C:\Users\carmi\AI\services\aicarmine_broker\application\job\action_router.py","167","_result_audience"
"lifecycle.py","C:\Users\carmi\AI\services\aicarmine_broker\application\job\lifecycle.py","52","start"
"lifecycle.py","C:\Users\carmi\AI\services\aicarmine_broker\application\job\lifecycle.py","131","_ensure_worker_thread"
"lifecycle.py","C:\Users\carmi\AI\services\aicarmine_broker\application\job\lifecycle.py","208","_started_response"
"response_values.py","C:\Users\carmi\AI\services\aicarmine_broker\application\job\response_values.py","9","compact_text"
"response_values.py","C:\Users\carmi\AI\services\aicarmine_broker\application\job\response_values.py","18","compact_json"
"response_values.py","C:\Users\carmi\AI\services\aicarmine_broker\application\job\response_values.py","27","event_digest"
"response_values.py","C:\Users\carmi\AI\services\aicarmine_broker\application\job\response_values.py","61","strip_narrative_duplicates_from_context"
"selector_runner.py","C:\Users\carmi\AI\services\aicarmine_broker\application\job\selector_runner.py","34","run"
"status_response.py","C:\Users\carmi\AI\services\aicarmine_broker\application\job\status_response.py","10","_running_evidence_guide"
"status_response.py","C:\Users\carmi\AI\services\aicarmine_broker\application\job\status_response.py","31","build_compact_status_response"
"terminal_response.py","C:\Users\carmi\AI\services\aicarmine_broker\application\job\terminal_response.py","32","_inline_repo_read_item_content"
"terminal_response.py","C:\Users\carmi\AI\services\aicarmine_broker\application\job\terminal_response.py","40","_identity_artifact_payload"
"terminal_response.py","C:\Users\carmi\AI\services\aicarmine_broker\application\job\terminal_response.py","56","_load_job_json_pointer"
"terminal_response.py","C:\Users\carmi\AI\services\aicarmine_broker\application\job\terminal_response.py","123","_concretize_public_json_pointers"
"terminal_response.py","C:\Users\carmi\AI\services\aicarmine_broker\application\job\terminal_response.py","163","_json_dumps_for_openwebui"
"terminal_response.py","C:\Users\carmi\AI\services\aicarmine_broker\application\job\terminal_response.py","167","_openwebui_required_top_level_keys"
"terminal_response.py","C:\Users\carmi\AI\services\aicarmine_broker\application\job\terminal_response.py","185","build_missing_job_response"
"terminal_response.py","C:\Users\carmi\AI\services\aicarmine_broker\application\job\terminal_response.py","195","verify_local_final_path"
"terminal_response.py","C:\Users\carmi\AI\services\aicarmine_broker\application\job\terminal_response.py","303","build_compact_terminal_response"
"wait_response.py","C:\Users\carmi\AI\services\aicarmine_broker\application\job\wait_response.py","9","build_wait_timeout_response"
"worker.py","C:\Users\carmi\AI\services\aicarmine_broker\application\job\worker.py","48","run"
"worker.py","C:\Users\carmi\AI\services\aicarmine_broker\application\job\worker.py","74","_run_legacy_oneshot"
"worker.py","C:\Users\carmi\AI\services\aicarmine_broker\application\job\worker.py","153","_legacy_oneshot_timeout_seconds"
"worker.py","C:\Users\carmi\AI\services\aicarmine_broker\application\job\worker.py","198","_write_failure"
"__init__.py","C:\Users\carmi\AI\services\aicarmine_broker\application\job\__init__.py","21","__getattr__"
"conflict_detector.py","C:\Users\carmi\AI\services\aicarmine_broker\application\memory\conflict_detector.py","19","_records_from"
"conflict_detector.py","C:\Users\carmi\AI\services\aicarmine_broker\application\memory\conflict_detector.py","29","_metadata"
"conflict_detector.py","C:\Users\carmi\AI\services\aicarmine_broker\application\memory\conflict_detector.py","34","_record_id"
"conflict_detector.py","C:\Users\carmi\AI\services\aicarmine_broker\application\memory\conflict_detector.py","38","_split_paths"
"conflict_detector.py","C:\Users\carmi\AI\services\aicarmine_broker\application\memory\conflict_detector.py","47","_referenced_paths"
"conflict_detector.py","C:\Users\carmi\AI\services\aicarmine_broker\application\memory\conflict_detector.py","64","_branch"
"conflict_detector.py","C:\Users\carmi\AI\services\aicarmine_broker\application\memory\conflict_detector.py","69","_path_hashes"
"conflict_detector.py","C:\Users\carmi\AI\services\aicarmine_broker\application\memory\conflict_detector.py","81","_is_under_repo"
"conflict_detector.py","C:\Users\carmi\AI\services\aicarmine_broker\application\memory\conflict_detector.py","90","_path_status"
"conflict_detector.py","C:\Users\carmi\AI\services\aicarmine_broker\application\memory\conflict_detector.py","119","_ignore"
"conflict_detector.py","C:\Users\carmi\AI\services\aicarmine_broker\application\memory\conflict_detector.py","135","detect_memory_conflicts"
"client.py","C:\Users\carmi\AI\services\aicarmine_broker\application\npu_phi\client.py","27","from_env"
"client.py","C:\Users\carmi\AI\services\aicarmine_broker\application\npu_phi\client.py","36","_httpx_post"
"client.py","C:\Users\carmi\AI\services\aicarmine_broker\application\npu_phi\client.py","47","enqueue_scene_spec_best_effort"
"policy.py","C:\Users\carmi\AI\services\aicarmine_broker\application\npu_phi\policy.py","31","should_attempt_npu_phi_diagnostic"
"policy.py","C:\Users\carmi\AI\services\aicarmine_broker\application\npu_phi\policy.py","36","_evidence_hash"
"policy.py","C:\Users\carmi\AI\services\aicarmine_broker\application\npu_phi\policy.py","55","maybe_enqueue_npu_phi_diagnostic"
"contract_validator.py","C:\Users\carmi\AI\services\aicarmine_broker\application\planner\contract_validator.py","30","_normalize_terminal_planner_decision"
"contract_validator.py","C:\Users\carmi\AI\services\aicarmine_broker\application\planner\contract_validator.py","44","_list_or_empty"
"contract_validator.py","C:\Users\carmi\AI\services\aicarmine_broker\application\planner\contract_validator.py","48","_repo_path_is_concrete"
"contract_validator.py","C:\Users\carmi\AI\services\aicarmine_broker\application\planner\contract_validator.py","66","_coalesce_repo_read_paths"
"contract_validator.py","C:\Users\carmi\AI\services\aicarmine_broker\application\planner\contract_validator.py","81","_final_quality_repo_read_allowlist"
"contract_validator.py","C:\Users\carmi\AI\services\aicarmine_broker\application\planner\contract_validator.py","91","add_token"
"contract_validator.py","C:\Users\carmi\AI\services\aicarmine_broker\application\planner\contract_validator.py","131","_collect_repo_paths"
"contract_validator.py","C:\Users\carmi\AI\services\aicarmine_broker\application\planner\contract_validator.py","153","_known_contract_repo_paths"
"contract_validator.py","C:\Users\carmi\AI\services\aicarmine_broker\application\planner\contract_validator.py","180","_known_contract_repo_dirs"
"contract_validator.py","C:\Users\carmi\AI\services\aicarmine_broker\application\planner\contract_validator.py","189","_route_token_is_prose_or_metric"
"contract_validator.py","C:\Users\carmi\AI\services\aicarmine_broker\application\planner\contract_validator.py","209","_search_query_is_concrete"
"contract_validator.py","C:\Users\carmi\AI\services\aicarmine_broker\application\planner\contract_validator.py","236","_required_next_route_has_deterministic_proof"
"decision.py","C:\Users\carmi\AI\services\aicarmine_broker\application\planner\decision.py","287","validate_planner_decision_against_evidence"
"decision.py","C:\Users\carmi\AI\services\aicarmine_broker\application\planner\decision.py","383","_decision_raw_planner_text"
"decision.py","C:\Users\carmi\AI\services\aicarmine_broker\application\planner\decision.py","395","_vulkan_repair_seen"
"decision.py","C:\Users\carmi\AI\services\aicarmine_broker\application\planner\decision.py","409","_planner_incomprehensible_retry_count"
"decision.py","C:\Users\carmi\AI\services\aicarmine_broker\application\planner\decision.py","426","_planner_memory_false_unavailable_claim"
"decision.py","C:\Users\carmi\AI\services\aicarmine_broker\application\planner\decision.py","445","_decision_memory_claim_text"
"decision.py","C:\Users\carmi\AI\services\aicarmine_broker\application\planner\decision.py","458","_raw_planner_text_classification"
"decision.py","C:\Users\carmi\AI\services\aicarmine_broker\application\planner\decision.py","494","_raw_planner_text_has_explicit_tool_alias_invocation"
"decision.py","C:\Users\carmi\AI\services\aicarmine_broker\application\planner\decision.py","521","_raw_planner_text_has_many_json_examples"
"decision.py","C:\Users\carmi\AI\services\aicarmine_broker\application\planner\decision.py","550","_raw_planner_text_has_valid_embedded_json_with_prose"
"decision.py","C:\Users\carmi\AI\services\aicarmine_broker\application\planner\decision.py","580","_normalize_terminal_planner_decision"
"decision.py","C:\Users\carmi\AI\services\aicarmine_broker\application\planner\decision.py","594","vulkan_repair_invalid_planner_decision"
"decision.py","C:\Users\carmi\AI\services\aicarmine_broker\application\planner\decision.py","699","controller_guard_result_for_validation"
"decision_normalizer.py","C:\Users\carmi\AI\services\aicarmine_broker\application\planner\decision_normalizer.py","13","_single_embedded_json_decision"
"decision_normalizer.py","C:\Users\carmi\AI\services\aicarmine_broker\application\planner\decision_normalizer.py","60","_native_tool_calls_decision"
"decision_normalizer.py","C:\Users\carmi\AI\services\aicarmine_broker\application\planner\decision_normalizer.py","112","_normalize_final_answer_lines"
"decision_normalizer.py","C:\Users\carmi\AI\services\aicarmine_broker\application\planner\decision_normalizer.py","123","_final_answer_from_content_field"
"decision_normalizer.py","C:\Users\carmi\AI\services\aicarmine_broker\application\planner\decision_normalizer.py","149","_normalize_final_answer_from_content"
"decision_normalizer.py","C:\Users\carmi\AI\services\aicarmine_broker\application\planner\decision_normalizer.py","181","_normalize_terminal_planner_decision"
"decision_normalizer.py","C:\Users\carmi\AI\services\aicarmine_broker\application\planner\decision_normalizer.py","226","normalize_planner_decision"
"evidence_contract_manager.py","C:\Users\carmi\AI\services\aicarmine_broker\application\planner\evidence_contract_manager.py","57","__init__"
"evidence_contract_manager.py","C:\Users\carmi\AI\services\aicarmine_broker\application\planner\evidence_contract_manager.py","65","set_cuda_rewrite_required"
"evidence_contract_manager.py","C:\Users\carmi\AI\services\aicarmine_broker\application\planner\evidence_contract_manager.py","97","clear_cuda_rewrite_required"
"evidence_contract_manager.py","C:\Users\carmi\AI\services\aicarmine_broker\application\planner\evidence_contract_manager.py","114","set_final_rewrite_latch"
"evidence_contract_manager.py","C:\Users\carmi\AI\services\aicarmine_broker\application\planner\evidence_contract_manager.py","148","clear_final_rewrite_latch"
"evidence_contract_manager.py","C:\Users\carmi\AI\services\aicarmine_broker\application\planner\evidence_contract_manager.py","165","set_coverage_satisfied"
"evidence_contract_manager.py","C:\Users\carmi\AI\services\aicarmine_broker\application\planner\evidence_contract_manager.py","215","set_missing_owner_paths"
"evidence_contract_manager.py","C:\Users\carmi\AI\services\aicarmine_broker\application\planner\evidence_contract_manager.py","243","set_planner_may_choose_final"
"evidence_contract_manager.py","C:\Users\carmi\AI\services\aicarmine_broker\application\planner\evidence_contract_manager.py","272","set_planner_may_choose_block"
"evidence_contract_manager.py","C:\Users\carmi\AI\services\aicarmine_broker\application\planner\evidence_contract_manager.py","304","set_required_next_progress"
"evidence_contract_manager.py","C:\Users\carmi\AI\services\aicarmine_broker\application\planner\evidence_contract_manager.py","322","set_required_next_tool_call"
"evidence_contract_manager.py","C:\Users\carmi\AI\services\aicarmine_broker\application\planner\evidence_contract_manager.py","356","clear_required_next_tool_call"
"evidence_contract_manager.py","C:\Users\carmi\AI\services\aicarmine_broker\application\planner\evidence_contract_manager.py","376","set_candidate_next_actions"
"evidence_contract_manager.py","C:\Users\carmi\AI\services\aicarmine_broker\application\planner\evidence_contract_manager.py","394","append_candidate_next_action"
"evidence_contract_manager.py","C:\Users\carmi\AI\services\aicarmine_broker\application\planner\evidence_contract_manager.py","420","_get_or_create_final_contract"
"evidence_contract_manager.py","C:\Users\carmi\AI\services\aicarmine_broker\application\planner\evidence_contract_manager.py","438","get_contract_summary"
"final_quality_validator.py","C:\Users\carmi\AI\services\aicarmine_broker\application\planner\final_quality_validator.py","32","_next_final_rewrite_latch"
"final_quality_validator.py","C:\Users\carmi\AI\services\aicarmine_broker\application\planner\final_quality_validator.py","55","_escalate_final_terminal_block_state"
"final_quality_validator.py","C:\Users\carmi\AI\services\aicarmine_broker\application\planner\final_quality_validator.py","127","_clear_final_terminal_block_state"
"final_quality_validator.py","C:\Users\carmi\AI\services\aicarmine_broker\application\planner\final_quality_validator.py","233","_answer_chunk_misuses_terminal_payload_shape"
"final_quality_validator.py","C:\Users\carmi\AI\services\aicarmine_broker\application\planner\final_quality_validator.py","243","_successful_answer_chunk_signatures"
"final_quality_validator.py","C:\Users\carmi\AI\services\aicarmine_broker\application\planner\final_quality_validator.py","249","_minimum_read_coverage_contract"
"final_quality_validator.py","C:\Users\carmi\AI\services\aicarmine_broker\application\planner\final_quality_validator.py","254","_minimum_read_coverage_required"
"final_quality_validator.py","C:\Users\carmi\AI\services\aicarmine_broker\application\planner\final_quality_validator.py","259","_minimum_read_coverage_satisfied"
"final_quality_validator.py","C:\Users\carmi\AI\services\aicarmine_broker\application\planner\final_quality_validator.py","264","_minimum_read_coverage_missing_owner_paths"
"final_quality_validator.py","C:\Users\carmi\AI\services\aicarmine_broker\application\planner\final_quality_validator.py","269","_final_answer_declares_missing_coverage"
"final_quality_validator.py","C:\Users\carmi\AI\services\aicarmine_broker\application\planner\final_quality_validator.py","286","_coalesce_required_next_missing_paths"
"final_quality_validator.py","C:\Users\carmi\AI\services\aicarmine_broker\application\planner\final_quality_validator.py","297","_stale_required_next_repo_read_paths"
"final_quality_validator.py","C:\Users\carmi\AI\services\aicarmine_broker\application\planner\final_quality_validator.py","303","_successful_read_paths_for_final_route"
"final_quality_validator.py","C:\Users\carmi\AI\services\aicarmine_broker\application\planner\final_quality_validator.py","308","_path_allowed_by_missing_evidence"
"final_quality_validator.py","C:\Users\carmi\AI\services\aicarmine_broker\application\planner\final_quality_validator.py","313","_verified_required_next_missing_paths"
"final_quality_validator.py","C:\Users\carmi\AI\services\aicarmine_broker\application\planner\final_quality_validator.py","320","_required_next_tool_from_missing_evidences"
"final_quality_validator.py","C:\Users\carmi\AI\services\aicarmine_broker\application\planner\final_quality_validator.py","325","_coalesce_required_next_tool_tool"
"final_quality_validator.py","C:\Users\carmi\AI\services\aicarmine_broker\application\planner\final_quality_validator.py","330","_coerce_final_rewrite_latch"
"final_quality_validator.py","C:\Users\carmi\AI\services\aicarmine_broker\application\planner\final_quality_validator.py","339","_required_gap_paths_from_quality"
"final_quality_validator.py","C:\Users\carmi\AI\services\aicarmine_broker\application\planner\final_quality_validator.py","348","_apply_final_quality_route"
"guard_evaluator.py","C:\Users\carmi\AI\services\aicarmine_broker\application\planner\guard_evaluator.py","30","__init__"
"guard_evaluator.py","C:\Users\carmi\AI\services\aicarmine_broker\application\planner\guard_evaluator.py","57","evaluate_support_subturn_guard"
"guard_evaluator.py","C:\Users\carmi\AI\services\aicarmine_broker\application\planner\guard_evaluator.py","104","evaluate_native_tool_call_guard"
"guard_evaluator.py","C:\Users\carmi\AI\services\aicarmine_broker\application\planner\guard_evaluator.py","166","evaluate_memory_claim_guard"
"guard_evaluator.py","C:\Users\carmi\AI\services\aicarmine_broker\application\planner\guard_evaluator.py","223","evaluate_incomprehensible_output_guard"
"guard_evaluator.py","C:\Users\carmi\AI\services\aicarmine_broker\application\planner\guard_evaluator.py","273","evaluate_repeated_code_product_guard"
"guard_evaluator.py","C:\Users\carmi\AI\services\aicarmine_broker\application\planner\guard_evaluator.py","320","evaluate_repeated_rejection_guard"
"guard_evaluator.py","C:\Users\carmi\AI\services\aicarmine_broker\application\planner\guard_evaluator.py","379","evaluate_unrecoverable_output_guard"
"guard_evaluator.py","C:\Users\carmi\AI\services\aicarmine_broker\application\planner\guard_evaluator.py","425","evaluate_vulkan_repair"
"guard_evaluator.py","C:\Users\carmi\AI\services\aicarmine_broker\application\planner\guard_evaluator.py","485","evaluate_final_guard"
"judge_lane.py","C:\Users\carmi\AI\services\aicarmine_broker\application\planner\judge_lane.py","23","execute_judge_lane"
"judge_lane.py","C:\Users\carmi\AI\services\aicarmine_broker\application\planner\judge_lane.py","65","_build_terminal_block_response"
"judge_lane.py","C:\Users\carmi\AI\services\aicarmine_broker\application\planner\judge_lane.py","88","_build_final_allowed_response"
"judge_lane.py","C:\Users\carmi\AI\services\aicarmine_broker\application\planner\judge_lane.py","106","_build_rewrite_required_response"
"judge_lane.py","C:\Users\carmi\AI\services\aicarmine_broker\application\planner\judge_lane.py","125","_build_continue_discovery_response"
"judge_lane.py","C:\Users\carmi\AI\services\aicarmine_broker\application\planner\judge_lane.py","149","prepare_judge_context"
"judge_lane.py","C:\Users\carmi\AI\services\aicarmine_broker\application\planner\judge_lane.py","187","_check_coverage_satisfied"
"lane_authority.py","C:\Users\carmi\AI\services\aicarmine_broker\application\planner\lane_authority.py","44","evaluate_judge_decision"
"lane_authority.py","C:\Users\carmi\AI\services\aicarmine_broker\application\planner\lane_authority.py","73","_is_terminal_blocked"
"lane_authority.py","C:\Users\carmi\AI\services\aicarmine_broker\application\planner\lane_authority.py","90","_is_coverage_satisfied"
"lane_authority.py","C:\Users\carmi\AI\services\aicarmine_broker\application\planner\lane_authority.py","113","_is_rewrite_required"
"lane_authority.py","C:\Users\carmi\AI\services\aicarmine_broker\application\planner\lane_authority.py","127","get_judge_suggestions"
"lane_authority.py","C:\Users\carmi\AI\services\aicarmine_broker\application\planner\lane_authority.py","173","get_figure_instruction"
"lane_catalog.py","C:\Users\carmi\AI\services\aicarmine_broker\application\planner\lane_catalog.py","415","get_control_lane_spec"
"lane_catalog.py","C:\Users\carmi\AI\services\aicarmine_broker\application\planner\lane_catalog.py","427","validate_control_lane_catalog"
"lane_catalog.py","C:\Users\carmi\AI\services\aicarmine_broker\application\planner\lane_catalog.py","480","control_lane_event_metadata"
"loop.py","C:\Users\carmi\AI\services\aicarmine_broker\application\planner\loop.py","36","evaluate_initial_orientation_shadow"
"loop.py","C:\Users\carmi\AI\services\aicarmine_broker\application\planner\loop.py","60","bounded_text"
"loop.py","C:\Users\carmi\AI\services\aicarmine_broker\application\planner\loop.py","74","bounded_ids"
"loop.py","C:\Users\carmi\AI\services\aicarmine_broker\application\planner\loop.py","98","valid_candidates"
"loop.py","C:\Users\carmi\AI\services\aicarmine_broker\application\planner\loop.py","692","run_agentic_planner_job"
"loop.py","C:\Users\carmi\AI\services\aicarmine_broker\application\planner\loop.py","843","update_initial_orientation_state"
"loop.py","C:\Users\carmi\AI\services\aicarmine_broker\application\planner\loop.py","857","add_initial_orientation_skipped"
"loop.py","C:\Users\carmi\AI\services\aicarmine_broker\application\planner\loop.py","863","execute_controller_preseed"
"loop.py","C:\Users\carmi\AI\services\aicarmine_broker\application\planner\loop.py","948","execute_dynamic_initial_orientation"
"loop_controller.py","C:\Users\carmi\AI\services\aicarmine_broker\application\planner\loop_controller.py","37","__init__"
"loop_controller.py","C:\Users\carmi\AI\services\aicarmine_broker\application\planner\loop_controller.py","101","support_subturn_tool"
"loop_controller.py","C:\Users\carmi\AI\services\aicarmine_broker\application\planner\loop_controller.py","105","support_subturn_decision"
"loop_controller.py","C:\Users\carmi\AI\services\aicarmine_broker\application\planner\loop_controller.py","111","semantic_step_for_physical_step"
"loop_controller.py","C:\Users\carmi\AI\services\aicarmine_broker\application\planner\loop_controller.py","122","mark_support_subturn"
"loop_controller.py","C:\Users\carmi\AI\services\aicarmine_broker\application\planner\loop_controller.py","151","build_step_budget_guidance"
"loop_controller.py","C:\Users\carmi\AI\services\aicarmine_broker\application\planner\loop_controller.py","172","force_terminal_decision_active"
"loop_controller.py","C:\Users\carmi\AI\services\aicarmine_broker\application\planner\loop_controller.py","176","final_quality_guided_route_available"
"loop_controller.py","C:\Users\carmi\AI\services\aicarmine_broker\application\planner\loop_controller.py","184","build_runtime_debug_packet"
"loop_controller.py","C:\Users\carmi\AI\services\aicarmine_broker\application\planner\loop_controller.py","209","persist_turn_memory"
"loop_controller.py","C:\Users\carmi\AI\services\aicarmine_broker\application\planner\loop_controller.py","219","append_history_row"
"loop_controller.py","C:\Users\carmi\AI\services\aicarmine_broker\application\planner\loop_controller.py","229","execute_step"
"loop_controller.py","C:\Users\carmi\AI\services\aicarmine_broker\application\planner\loop_controller.py","252","_handle_final_decision"
"loop_controller.py","C:\Users\carmi\AI\services\aicarmine_broker\application\planner\loop_controller.py","274","_handle_block_decision"
"loop_controller.py","C:\Users\carmi\AI\services\aicarmine_broker\application\planner\loop_controller.py","291","_handle_tool_decision"
"loop_controller.py","C:\Users\carmi\AI\services\aicarmine_broker\application\planner\loop_controller.py","349","get_semantic_step"
"loop_controller.py","C:\Users\carmi\AI\services\aicarmine_broker\application\planner\loop_controller.py","364","build_support_subturn_context"
"loop_controller.py","C:\Users\carmi\AI\services\aicarmine_broker\application\planner\loop_controller.py","398","coverage_contract"
"loop_controller.py","C:\Users\carmi\AI\services\aicarmine_broker\application\planner\loop_controller.py","412","coverage_satisfied"
"loop_controller.py","C:\Users\carmi\AI\services\aicarmine_broker\application\planner\loop_controller.py","420","missing_owner_paths"
"loop_controller.py","C:\Users\carmi\AI\services\aicarmine_broker\application\planner\loop_controller.py","432","dict_field"
"loop_controller.py","C:\Users\carmi\AI\services\aicarmine_broker\application\planner\loop_controller.py","438","list_field"
"loop_controller.py","C:\Users\carmi\AI\services\aicarmine_broker\application\planner\loop_controller.py","447","append_cached_tool_result"
"loop_controller.py","C:\Users\carmi\AI\services\aicarmine_broker\application\planner\loop_controller.py","465","match_micro_batch_action"
"loop_controller.py","C:\Users\carmi\AI\services\aicarmine_broker\application\planner\loop_controller.py","486","enrich_validation_with_replan_specialist"
"loop_controller.py","C:\Users\carmi\AI\services\aicarmine_broker\application\planner\loop_controller.py","509","enrich_repeated_tool_guard_feedback"
"required_progress.py","C:\Users\carmi\AI\services\aicarmine_broker\application\planner\required_progress.py","19","to_contract"
"required_progress.py","C:\Users\carmi\AI\services\aicarmine_broker\application\planner\required_progress.py","31","_metadata"
"required_progress.py","C:\Users\carmi\AI\services\aicarmine_broker\application\planner\required_progress.py","37","progress_candidate_hint"
"required_progress.py","C:\Users\carmi\AI\services\aicarmine_broker\application\planner\required_progress.py","50","progress_quality_gate_final_allowed"
"required_progress.py","C:\Users\carmi\AI\services\aicarmine_broker\application\planner\required_progress.py","64","progress_code_product_route_shift"
"required_progress.py","C:\Users\carmi\AI\services\aicarmine_broker\application\planner\required_progress.py","84","progress_forbidden_repeat_repo_read"
"required_progress.py","C:\Users\carmi\AI\services\aicarmine_broker\application\planner\required_progress.py","100","progress_code_product_block_required"
"required_progress.py","C:\Users\carmi\AI\services\aicarmine_broker\application\planner\required_progress.py","114","progress_native_tool_required"
"required_progress.py","C:\Users\carmi\AI\services\aicarmine_broker\application\planner\required_progress.py","127","progress_prompt_context_continuation"
"required_progress.py","C:\Users\carmi\AI\services\aicarmine_broker\application\planner\required_progress.py","141","required_next_progress_from_text"
"required_progress.py","C:\Users\carmi\AI\services\aicarmine_broker\application\planner\required_progress.py","180","unique"
"route_validator.py","C:\Users\carmi\AI\services\aicarmine_broker\application\planner\route_validator.py","30","_normalize_terminal_planner_decision"
"route_validator.py","C:\Users\carmi\AI\services\aicarmine_broker\application\planner\route_validator.py","44","_list_or_empty"
"route_validator.py","C:\Users\carmi\AI\services\aicarmine_broker\application\planner\route_validator.py","48","_repo_path_is_concrete"
"route_validator.py","C:\Users\carmi\AI\services\aicarmine_broker\application\planner\route_validator.py","66","_coalesce_repo_read_paths"
"route_validator.py","C:\Users\carmi\AI\services\aicarmine_broker\application\planner\route_validator.py","81","_final_quality_repo_read_allowlist"
"route_validator.py","C:\Users\carmi\AI\services\aicarmine_broker\application\planner\route_validator.py","91","add_token"
"route_validator.py","C:\Users\carmi\AI\services\aicarmine_broker\application\planner\route_validator.py","131","_collect_repo_paths"
"route_validator.py","C:\Users\carmi\AI\services\aicarmine_broker\application\planner\route_validator.py","153","_known_contract_repo_paths"
"route_validator.py","C:\Users\carmi\AI\services\aicarmine_broker\application\planner\route_validator.py","180","_known_contract_repo_dirs"
"route_validator.py","C:\Users\carmi\AI\services\aicarmine_broker\application\planner\route_validator.py","189","_route_token_is_prose_or_metric"
"route_validator.py","C:\Users\carmi\AI\services\aicarmine_broker\application\planner\route_validator.py","209","_search_query_is_concrete"
"route_validator.py","C:\Users\carmi\AI\services\aicarmine_broker\application\planner\route_validator.py","236","_required_next_route_has_deterministic_proof"
"route_validator.py","C:\Users\carmi\AI\services\aicarmine_broker\application\planner\route_validator.py","267","_coalesce_required_next_missing_paths"
"route_validator.py","C:\Users\carmi\AI\services\aicarmine_broker\application\planner\route_validator.py","278","_stale_required_next_repo_read_paths"
"route_validator.py","C:\Users\carmi\AI\services\aicarmine_broker\application\planner\route_validator.py","284","_successful_read_paths_for_final_route"
"route_validator.py","C:\Users\carmi\AI\services\aicarmine_broker\application\planner\route_validator.py","289","_path_allowed_by_missing_evidence"
"route_validator.py","C:\Users\carmi\AI\services\aicarmine_broker\application\planner\route_validator.py","294","_verified_required_next_missing_paths"
"route_validator.py","C:\Users\carmi\AI\services\aicarmine_broker\application\planner\route_validator.py","301","_required_next_tool_from_missing_evidences"
"route_validator.py","C:\Users\carmi\AI\services\aicarmine_broker\application\planner\route_validator.py","306","_coalesce_required_next_tool_tool"
"route_validator.py","C:\Users\carmi\AI\services\aicarmine_broker\application\planner\route_validator.py","311","_coerce_final_rewrite_latch"
"route_validator.py","C:\Users\carmi\AI\services\aicarmine_broker\application\planner\route_validator.py","316","_required_gap_paths_from_quality"
"route_validator.py","C:\Users\carmi\AI\services\aicarmine_broker\application\planner\route_validator.py","325","_apply_final_quality_route"
"state.py","C:\Users\carmi\AI\services\aicarmine_broker\application\planner\state.py","27","append_history_row"
"state.py","C:\Users\carmi\AI\services\aicarmine_broker\application\planner\state.py","31","refresh_history"
"state.py","C:\Users\carmi\AI\services\aicarmine_broker\application\planner\state.py","62","snapshot"
"status.py","C:\Users\carmi\AI\services\aicarmine_broker\application\planner\status.py","8","summarize_history_artifacts"
"status.py","C:\Users\carmi\AI\services\aicarmine_broker\application\planner\status.py","28","planner_done_token"
"system_prompt.py","C:\Users\carmi\AI\services\aicarmine_broker\application\planner\system_prompt.py","48","planner_system_for_current_mode"
"turn.py","C:\Users\carmi\AI\services\aicarmine_broker\application\planner\turn.py","19","_dict_from_mapping"
"turn.py","C:\Users\carmi\AI\services\aicarmine_broker\application\planner\turn.py","25","_contract_coverage_satisfied"
"turn.py","C:\Users\carmi\AI\services\aicarmine_broker\application\planner\turn.py","32","_planner_step_budget_guidance_from_state"
"turn.py","C:\Users\carmi\AI\services\aicarmine_broker\application\planner\turn.py","42","_planner_role_override_from_state"
"turn.py","C:\Users\carmi\AI\services\aicarmine_broker\application\planner\turn.py","69","_planner_role_system_suffix"
"turn.py","C:\Users\carmi\AI\services\aicarmine_broker\application\planner\turn.py","86","_apply_step_budget_guidance_to_contract"
"turn.py","C:\Users\carmi\AI\services\aicarmine_broker\application\planner\turn.py","245","_looks_like_malformed_native_protocol"
"turn.py","C:\Users\carmi\AI\services\aicarmine_broker\application\planner\turn.py","259","_planner_payload_capture_view"
"turn.py","C:\Users\carmi\AI\services\aicarmine_broker\application\planner\turn.py","288","_native_plain_text_final_decision"
"turn.py","C:\Users\carmi\AI\services\aicarmine_broker\application\planner\turn.py","317","_degenerate_output_block_decision"
"turn.py","C:\Users\carmi\AI\services\aicarmine_broker\application\planner\turn.py","341","_post_final_reject_turn_tool_names"
"turn.py","C:\Users\carmi\AI\services\aicarmine_broker\application\planner\turn.py","404","_normalize_terminal_planner_decision"
"turn.py","C:\Users\carmi\AI\services\aicarmine_broker\application\planner\turn.py","418","planner_decision"
"turn.py","C:\Users\carmi\AI\services\aicarmine_broker\application\planner\turn.py","599","build_payload_for_native_tool_names"
"turn.py","C:\Users\carmi\AI\services\aicarmine_broker\application\planner\turn.py","643","_normalized_root_root"
"turn.py","C:\Users\carmi\AI\services\aicarmine_broker\application\planner\turn.py","650","_is_terminal_runtime_tool"
"validation_rejections.py","C:\Users\carmi\AI\services\aicarmine_broker\application\planner\validation_rejections.py","13","_json_hash_or_diagnostic"
"validation_rejections.py","C:\Users\carmi\AI\services\aicarmine_broker\application\planner\validation_rejections.py","31","canonical_invalid_code_product_decision_signature"
"validation_rejections.py","C:\Users\carmi\AI\services\aicarmine_broker\application\planner\validation_rejections.py","103","invalid_decision_signature_key"
"validation_rejections.py","C:\Users\carmi\AI\services\aicarmine_broker\application\planner\validation_rejections.py","109","invalid_code_product_decision_signature_from_history_item"
"validation_rejections.py","C:\Users\carmi\AI\services\aicarmine_broker\application\planner\validation_rejections.py","125","invalid_code_product_decision_signature_count"
"validation_rejections.py","C:\Users\carmi\AI\services\aicarmine_broker\application\planner\validation_rejections.py","142","disallowed_invalid_code_product_signatures"
"validation_rejections.py","C:\Users\carmi\AI\services\aicarmine_broker\application\planner\validation_rejections.py","171","compact_validation_rejections_tail"
"validator.py","C:\Users\carmi\AI\services\aicarmine_broker\application\planner\validator.py","13","_normalize_terminal_planner_decision"
"validator.py","C:\Users\carmi\AI\services\aicarmine_broker\application\planner\validator.py","27","list_or_empty"
"validator.py","C:\Users\carmi\AI\services\aicarmine_broker\application\planner\validator.py","31","_repo_path_is_concrete"
"validator.py","C:\Users\carmi\AI\services\aicarmine_broker\application\planner\validator.py","49","_coalesce_repo_read_paths"
"validator.py","C:\Users\carmi\AI\services\aicarmine_broker\application\planner\validator.py","64","_final_quality_repo_read_allowlist"
"validator.py","C:\Users\carmi\AI\services\aicarmine_broker\application\planner\validator.py","74","add_token"
"validator.py","C:\Users\carmi\AI\services\aicarmine_broker\application\planner\validator.py","114","_next_final_rewrite_latch"
"validator.py","C:\Users\carmi\AI\services\aicarmine_broker\application\planner\validator.py","137","_escalate_final_terminal_block_state"
"validator.py","C:\Users\carmi\AI\services\aicarmine_broker\application\planner\validator.py","208","_clear_final_terminal_block_state"
"validator.py","C:\Users\carmi\AI\services\aicarmine_broker\application\planner\validator.py","314","_collect_repo_paths"
"validator.py","C:\Users\carmi\AI\services\aicarmine_broker\application\planner\validator.py","336","_known_contract_repo_paths"
"validator.py","C:\Users\carmi\AI\services\aicarmine_broker\application\planner\validator.py","363","_known_contract_repo_dirs"
"validator.py","C:\Users\carmi\AI\services\aicarmine_broker\application\planner\validator.py","372","_route_token_is_prose_or_metric"
"validator.py","C:\Users\carmi\AI\services\aicarmine_broker\application\planner\validator.py","392","_search_query_is_concrete"
"validator.py","C:\Users\carmi\AI\services\aicarmine_broker\application\planner\validator.py","419","_required_next_route_has_deterministic_proof"
"validator.py","C:\Users\carmi\AI\services\aicarmine_broker\application\planner\validator.py","450","validate_planner_decision_against_evidence"
"validator.py","C:\Users\carmi\AI\services\aicarmine_broker\application\planner\validator.py","539","_answer_chunk_misuses_terminal_payload_shape"
"validator.py","C:\Users\carmi\AI\services\aicarmine_broker\application\planner\validator.py","548","_successful_answer_chunk_signatures"
"validator.py","C:\Users\carmi\AI\services\aicarmine_broker\application\planner\validator.py","585","_minimum_read_coverage_contract"
"validator.py","C:\Users\carmi\AI\services\aicarmine_broker\application\planner\validator.py","597","_minimum_read_coverage_required"
"validator.py","C:\Users\carmi\AI\services\aicarmine_broker\application\planner\validator.py","603","_minimum_read_coverage_satisfied"
"validator.py","C:\Users\carmi\AI\services\aicarmine_broker\application\planner\validator.py","609","_minimum_read_coverage_missing_owner_paths"
"validator.py","C:\Users\carmi\AI\services\aicarmine_broker\application\planner\validator.py","614","_final_answer_declares_missing_coverage"
"validator.py","C:\Users\carmi\AI\services\aicarmine_broker\application\planner\validator.py","630","_coalesce_required_next_missing_paths"
"validator.py","C:\Users\carmi\AI\services\aicarmine_broker\application\planner\validator.py","640","_stale_required_next_repo_read_paths"
"validator.py","C:\Users\carmi\AI\services\aicarmine_broker\application\planner\validator.py","654","_successful_read_paths_for_final_route"
"validator.py","C:\Users\carmi\AI\services\aicarmine_broker\application\planner\validator.py","670","_path_allowed_by_missing_evidence"
"validator.py","C:\Users\carmi\AI\services\aicarmine_broker\application\planner\validator.py","682","_verified_required_next_missing_paths"
"validator.py","C:\Users\carmi\AI\services\aicarmine_broker\application\planner\validator.py","713","_required_next_tool_from_missing_evidences"
"validator.py","C:\Users\carmi\AI\services\aicarmine_broker\application\planner\validator.py","738","_coalesce_required_next_tool_tool"
"validator.py","C:\Users\carmi\AI\services\aicarmine_broker\application\planner\validator.py","773","_coerce_final_rewrite_latch"
"validator.py","C:\Users\carmi\AI\services\aicarmine_broker\application\planner\validator.py","781","_required_gap_paths_from_quality"
"validator.py","C:\Users\carmi\AI\services\aicarmine_broker\application\planner\validator.py","804","_apply_final_quality_route"
"validator.py","C:\Users\carmi\AI\services\aicarmine_broker\application\planner\validator.py","1037","_apply_duplicate_repo_read_path_recovery_contract"
"validator.py","C:\Users\carmi\AI\services\aicarmine_broker\application\planner\validator.py","1715","_matches_rewrite_gap"
"validator_utils.py","C:\Users\carmi\AI\services\aicarmine_broker\application\planner\validator_utils.py","31","_normalize_terminal_planner_decision"
"validator_utils.py","C:\Users\carmi\AI\services\aicarmine_broker\application\planner\validator_utils.py","45","_list_or_empty"
"validator_utils.py","C:\Users\carmi\AI\services\aicarmine_broker\application\planner\validator_utils.py","49","_repo_path_is_concrete"
"validator_utils.py","C:\Users\carmi\AI\services\aicarmine_broker\application\planner\validator_utils.py","67","_coalesce_repo_read_paths"
"validator_utils.py","C:\Users\carmi\AI\services\aicarmine_broker\application\planner\validator_utils.py","82","_final_quality_repo_read_allowlist"
"validator_utils.py","C:\Users\carmi\AI\services\aicarmine_broker\application\planner\validator_utils.py","92","add_token"
"validator_utils.py","C:\Users\carmi\AI\services\aicarmine_broker\application\planner\validator_utils.py","132","_collect_repo_paths"
"validator_utils.py","C:\Users\carmi\AI\services\aicarmine_broker\application\planner\validator_utils.py","154","_known_contract_repo_paths"
"validator_utils.py","C:\Users\carmi\AI\services\aicarmine_broker\application\planner\validator_utils.py","181","_known_contract_repo_dirs"
"validator_utils.py","C:\Users\carmi\AI\services\aicarmine_broker\application\planner\validator_utils.py","190","_route_token_is_prose_or_metric"
"validator_utils.py","C:\Users\carmi\AI\services\aicarmine_broker\application\planner\validator_utils.py","210","_search_query_is_concrete"
"validator_utils.py","C:\Users\carmi\AI\services\aicarmine_broker\application\planner\validator_utils.py","237","_required_next_route_has_deterministic_proof"
"__init__.py","C:\Users\carmi\AI\services\aicarmine_broker\application\planner\__init__.py","31","__getattr__"
"action_validators.py","C:\Users\carmi\AI\services\aicarmine_broker\application\planner\validator\action_validators.py","30","validate_final_action"
"action_validators.py","C:\Users\carmi\AI\services\aicarmine_broker\application\planner\validator\action_validators.py","192","validate_block_action"
"action_validators.py","C:\Users\carmi\AI\services\aicarmine_broker\application\planner\validator\action_validators.py","264","validate_tool_arguments"
"action_validators.py","C:\Users\carmi\AI\services\aicarmine_broker\application\planner\validator\action_validators.py","324","validate_scratchpad_write"
"action_validators.py","C:\Users\carmi\AI\services\aicarmine_broker\application\planner\validator\action_validators.py","355","_get_final_contract"
"action_validators.py","C:\Users\carmi\AI\services\aicarmine_broker\application\planner\validator\action_validators.py","360","_check_terminal_block_disallows_final"
"action_validators.py","C:\Users\carmi\AI\services\aicarmine_broker\application\planner\validator\action_validators.py","412","_extract_forced_block"
"action_validators.py","C:\Users\carmi\AI\services\aicarmine_broker\application\planner\validator\action_validators.py","426","_apply_coverage_block"
"action_validators.py","C:\Users\carmi\AI\services\aicarmine_broker\application\planner\validator\action_validators.py","456","_validate_scope_reads"
"action_validators.py","C:\Users\carmi\AI\services\aicarmine_broker\application\planner\validator\action_validators.py","499","_validate_repo_final_quality"
"action_validators.py","C:\Users\carmi\AI\services\aicarmine_broker\application\planner\validator\action_validators.py","550","_validate_code_product"
"action_validators.py","C:\Users\carmi\AI\services\aicarmine_broker\application\planner\validator\action_validators.py","593","_validate_review_read_count"
"action_validators.py","C:\Users\carmi\AI\services\aicarmine_broker\application\planner\validator\action_validators.py","609","_check_planner_format_failures"
"action_validators.py","C:\Users\carmi\AI\services\aicarmine_broker\application\planner\validator\action_validators.py","645","_is_degenerate_output"
"action_validators.py","C:\Users\carmi\AI\services\aicarmine_broker\application\planner\validator\action_validators.py","656","_apply_block_not_allowed"
"action_validators.py","C:\Users\carmi\AI\services\aicarmine_broker\application\planner\validator\action_validators.py","702","_final_answer_declares_missing_coverage"
"action_validators.py","C:\Users\carmi\AI\services\aicarmine_broker\application\planner\validator\action_validators.py","719","_answer_chunk_misuses_terminal_payload_shape"
"contract_utils.py","C:\Users\carmi\AI\services\aicarmine_broker\application\planner\validator\contract_utils.py","22","known_contract_repo_paths"
"contract_utils.py","C:\Users\carmi\AI\services\aicarmine_broker\application\planner\validator\contract_utils.py","49","known_contract_repo_dirs"
"contract_utils.py","C:\Users\carmi\AI\services\aicarmine_broker\application\planner\validator\contract_utils.py","62","_iter_coverage_dicts"
"contract_utils.py","C:\Users\carmi\AI\services\aicarmine_broker\application\planner\validator\contract_utils.py","78","final_quality_repo_read_allowlist"
"contract_utils.py","C:\Users\carmi\AI\services\aicarmine_broker\application\planner\validator\contract_utils.py","87","_add"
"contract_utils.py","C:\Users\carmi\AI\services\aicarmine_broker\application\planner\validator\contract_utils.py","140","minimum_read_coverage_contract"
"contract_utils.py","C:\Users\carmi\AI\services\aicarmine_broker\application\planner\validator\contract_utils.py","152","is_coverage_required"
"contract_utils.py","C:\Users\carmi\AI\services\aicarmine_broker\application\planner\validator\contract_utils.py","159","is_coverage_satisfied"
"contract_utils.py","C:\Users\carmi\AI\services\aicarmine_broker\application\planner\validator\contract_utils.py","166","missing_coverage_owner_paths"
"contract_utils.py","C:\Users\carmi\AI\services\aicarmine_broker\application\planner\validator\contract_utils.py","176","required_next_route_has_deterministic_proof"
"final_quality_route.py","C:\Users\carmi\AI\services\aicarmine_broker\application\planner\validator\final_quality_route.py","40","apply_final_quality_route"
"final_quality_route.py","C:\Users\carmi\AI\services\aicarmine_broker\application\planner\validator\final_quality_route.py","187","apply_duplicate_repo_read_path_recovery_contract"
"final_quality_route.py","C:\Users\carmi\AI\services\aicarmine_broker\application\planner\validator\final_quality_route.py","248","_apply_required_output_sections"
"final_quality_route.py","C:\Users\carmi\AI\services\aicarmine_broker\application\planner\validator\final_quality_route.py","256","_existing_missing_evidences"
"final_quality_route.py","C:\Users\carmi\AI\services\aicarmine_broker\application\planner\validator\final_quality_route.py","265","_coalesce_missing_paths"
"final_quality_route.py","C:\Users\carmi\AI\services\aicarmine_broker\application\planner\validator\final_quality_route.py","276","_gap_paths_from_quality"
"final_quality_route.py","C:\Users\carmi\AI\services\aicarmine_broker\application\planner\validator\final_quality_route.py","294","_verify_missing_paths"
"final_quality_route.py","C:\Users\carmi\AI\services\aicarmine_broker\application\planner\validator\final_quality_route.py","328","_record_invalid_missing"
"final_quality_route.py","C:\Users\carmi\AI\services\aicarmine_broker\application\planner\validator\final_quality_route.py","351","_build_required_next_tool_call"
"final_quality_route.py","C:\Users\carmi\AI\services\aicarmine_broker\application\planner\validator\final_quality_route.py","406","_tool_call_from_missing_evidences"
"final_quality_route.py","C:\Users\carmi\AI\services\aicarmine_broker\application\planner\validator\final_quality_route.py","430","_coalesce_required_next_tool"
"final_quality_route.py","C:\Users\carmi\AI\services\aicarmine_broker\application\planner\validator\final_quality_route.py","451","_normalize_repo_read_args"
"final_quality_route.py","C:\Users\carmi\AI\services\aicarmine_broker\application\planner\validator\final_quality_route.py","463","_validate_and_filter_tool_call"
"final_quality_route.py","C:\Users\carmi\AI\services\aicarmine_broker\application\planner\validator\final_quality_route.py","514","_record_undeterministic_call"
"final_quality_route.py","C:\Users\carmi\AI\services\aicarmine_broker\application\planner\validator\final_quality_route.py","531","_path_allowed_by_missing_evidence"
"final_quality_route.py","C:\Users\carmi\AI\services\aicarmine_broker\application\planner\validator\final_quality_route.py","550","_handle_no_tool_call"
"final_quality_route.py","C:\Users\carmi\AI\services\aicarmine_broker\application\planner\validator\final_quality_route.py","595","_get_or_create_final_contract"
"final_quality_route.py","C:\Users\carmi\AI\services\aicarmine_broker\application\planner\validator\final_quality_route.py","604","_normalize_repeated_reads"
"final_quality_route.py","C:\Users\carmi\AI\services\aicarmine_broker\application\planner\validator\final_quality_route.py","613","_build_forbidden_list"
"final_quality_route.py","C:\Users\carmi\AI\services\aicarmine_broker\application\planner\validator\final_quality_route.py","628","_update_recovery_counts"
"final_quality_route.py","C:\Users\carmi\AI\services\aicarmine_broker\application\planner\validator\final_quality_route.py","641","_maybe_mark_required_call_stale"
"final_quality_route.py","C:\Users\carmi\AI\services\aicarmine_broker\application\planner\validator\final_quality_route.py","680","_handle_coverage_satisfied_after_duplicate"
"final_quality_route.py","C:\Users\carmi\AI\services\aicarmine_broker\application\planner\validator\final_quality_route.py","697","_threshold_reached"
"final_quality_route.py","C:\Users\carmi\AI\services\aicarmine_broker\application\planner\validator\final_quality_route.py","701","_handle_threshold_reached"
"path_utilis.py","C:\Users\carmi\AI\services\aicarmine_broker\application\planner\validator\path_utilis.py","19","is_concrete_repo_path"
"path_utilis.py","C:\Users\carmi\AI\services\aicarmine_broker\application\planner\validator\path_utilis.py","40","coalesce_repo_read_paths"
"path_utilis.py","C:\Users\carmi\AI\services\aicarmine_broker\application\planner\validator\path_utilis.py","59","collect_repo_paths"
"path_utilis.py","C:\Users\carmi\AI\services\aicarmine_broker\application\planner\validator\path_utilis.py","92","is_prose_or_metric_token"
"path_utilis.py","C:\Users\carmi\AI\services\aicarmine_broker\application\planner\validator\path_utilis.py","116","is_concrete_search_query"
"rewrite_latch.py","C:\Users\carmi\AI\services\aicarmine_broker\application\planner\validator\rewrite_latch.py","38","coerce_latch_state"
"rewrite_latch.py","C:\Users\carmi\AI\services\aicarmine_broker\application\planner\validator\rewrite_latch.py","44","next_latch_state"
"rewrite_latch.py","C:\Users\carmi\AI\services\aicarmine_broker\application\planner\validator\rewrite_latch.py","79","escalate_terminal_block_state"
"rewrite_latch.py","C:\Users\carmi\AI\services\aicarmine_broker\application\planner\validator\rewrite_latch.py","143","clear_terminal_block_state"
"rewrite_latch.py","C:\Users\carmi\AI\services\aicarmine_broker\application\planner\validator\rewrite_latch.py","199","_get_final_contract"
"rewrite_latch.py","C:\Users\carmi\AI\services\aicarmine_broker\application\planner\validator\rewrite_latch.py","204","_force_terminal_block"
"validate_decision.py","C:\Users\carmi\AI\services\aicarmine_broker\application\planner\validator\validate_decision.py","39","_normalize_terminal_planner_decision"
"validate_decision.py","C:\Users\carmi\AI\services\aicarmine_broker\application\planner\validator\validate_decision.py","51","_list_or_empty"
"validate_decision.py","C:\Users\carmi\AI\services\aicarmine_broker\application\planner\validator\validate_decision.py","55","_repo_path_is_concrete"
"validate_decision.py","C:\Users\carmi\AI\services\aicarmine_broker\application\planner\validator\validate_decision.py","60","_coalesce_repo_read_paths"
"validate_decision.py","C:\Users\carmi\AI\services\aicarmine_broker\application\planner\validator\validate_decision.py","65","_final_quality_repo_read_allowlist"
"validate_decision.py","C:\Users\carmi\AI\services\aicarmine_broker\application\planner\validator\validate_decision.py","70","_next_final_rewrite_latch"
"validate_decision.py","C:\Users\carmi\AI\services\aicarmine_broker\application\planner\validator\validate_decision.py","80","_escalate_final_terminal_block_state"
"validate_decision.py","C:\Users\carmi\AI\services\aicarmine_broker\application\planner\validator\validate_decision.py","88","_clear_final_terminal_block_state"
"validate_decision.py","C:\Users\carmi\AI\services\aicarmine_broker\application\planner\validator\validate_decision.py","93","_collect_repo_paths"
"validate_decision.py","C:\Users\carmi\AI\services\aicarmine_broker\application\planner\validator\validate_decision.py","97","_known_contract_repo_paths"
"validate_decision.py","C:\Users\carmi\AI\services\aicarmine_broker\application\planner\validator\validate_decision.py","101","_known_contract_repo_dirs"
"validate_decision.py","C:\Users\carmi\AI\services\aicarmine_broker\application\planner\validator\validate_decision.py","109","validate_planner_decision_against_evidence"
"validate_decision.py","C:\Users\carmi\AI\services\aicarmine_broker\application\planner\validator\validate_decision.py","444","_successful_read_paths_for_final_route"
"validate_decision.py","C:\Users\carmi\AI\services\aicarmine_broker\application\planner\validator\validate_decision.py","460","_stale_required_next_repo_read_paths"
"validate_decision.py","C:\Users\carmi\AI\services\aicarmine_broker\application\planner\validator\validate_decision.py","472","_successful_answer_chunk_signatures"
"validate_decision.py","C:\Users\carmi\AI\services\aicarmine_broker\application\planner\validator\validate_decision.py","492","_apply_final_quality_route"
"validate_decision.py","C:\Users\carmi\AI\services\aicarmine_broker\application\planner\validator\validate_decision.py","818","_handle_final_action"
"validate_decision.py","C:\Users\carmi\AI\services\aicarmine_broker\application\planner\validator\validate_decision.py","845","_handle_block_action"
"validate_decision.py","C:\Users\carmi\AI\services\aicarmine_broker\application\planner\validator\validate_decision.py","866","_enforce_rewrite_lane"
"validate_decision.py","C:\Users\carmi\AI\services\aicarmine_broker\application\planner\validator\validate_decision.py","947","_matches_rewrite_gap"
"validate_decision.py","C:\Users\carmi\AI\services\aicarmine_broker\application\planner\validator\validate_decision.py","996","_path_allowed_by_missing_evidence"
"validate_decision.py","C:\Users\carmi\AI\services\aicarmine_broker\application\planner\validator\validate_decision.py","1015","_validate_repo_read"
"validate_decision.py","C:\Users\carmi\AI\services\aicarmine_broker\application\planner\validator\validate_decision.py","1087","_validate_repo_list_files"
"validate_decision.py","C:\Users\carmi\AI\services\aicarmine_broker\application\planner\validator\validate_decision.py","1130","_validate_write_tools"
"validate_decision.py","C:\Users\carmi\AI\services\aicarmine_broker\application\planner\validator\validate_decision.py","1243","_validate_propose_code_edit"
"validate_decision.py","C:\Users\carmi\AI\services\aicarmine_broker\application\planner\validator\validate_decision.py","1319","_validate_code_product_build_state"
"validate_decision.py","C:\Users\carmi\AI\services\aicarmine_broker\application\planner\validator\validate_decision.py","1366","_track_invalid_signature"
"_discover_entry_points.py","C:\Users\carmi\AI\services\aicarmine_broker\application\planner\validator\_discover_entry_points.py","13","_discover_entry_points"
"available_tools.py","C:\Users\carmi\AI\services\aicarmine_broker\application\prompt\available_tools.py","13","available_tools_window_pack"
"budget.py","C:\Users\carmi\AI\services\aicarmine_broker\application\prompt\budget.py","16","prompt_compaction_threshold"
"budget.py","C:\Users\carmi\AI\services\aicarmine_broker\application\prompt\budget.py","24","planner_token_generation_reserve"
"budget.py","C:\Users\carmi\AI\services\aicarmine_broker\application\prompt\budget.py","34","prompt_generation_headroom_char_budget"
"budget.py","C:\Users\carmi\AI\services\aicarmine_broker\application\prompt\budget.py","45","prompt_window_chars"
"budget.py","C:\Users\carmi\AI\services\aicarmine_broker\application\prompt\budget.py","63","_json_char_len"
"budget.py","C:\Users\carmi\AI\services\aicarmine_broker\application\prompt\budget.py","70","prompt_budget_report"
"budget.py","C:\Users\carmi\AI\services\aicarmine_broker\application\prompt\budget.py","114","report_exceeds_generation_headroom"
"context_windows.py","C:\Users\carmi\AI\services\aicarmine_broker\application\prompt\context_windows.py","42","compact_prompt_context_window_item"
"context_windows.py","C:\Users\carmi\AI\services\aicarmine_broker\application\prompt\context_windows.py","56","bounded_prompt_context_tool_result_payload"
"context_windows.py","C:\Users\carmi\AI\services\aicarmine_broker\application\prompt\context_windows.py","106","prompt_window_consumed_offsets"
"context_windows.py","C:\Users\carmi\AI\services\aicarmine_broker\application\prompt\context_windows.py","136","prompt_window_tracking_metadata_errors"
"context_windows.py","C:\Users\carmi\AI\services\aicarmine_broker\application\prompt\context_windows.py","173","prompt_context_continue_action"
"context_windows.py","C:\Users\carmi\AI\services\aicarmine_broker\application\prompt\context_windows.py","218","planner_scratchpad_next_window_action_from_history"
"context_windows.py","C:\Users\carmi\AI\services\aicarmine_broker\application\prompt\context_windows.py","286","required_working_set_continuation_action"
"context_windows.py","C:\Users\carmi\AI\services\aicarmine_broker\application\prompt\context_windows.py","350","evidence_contract_continuation_action"
"context_windows.py","C:\Users\carmi\AI\services\aicarmine_broker\application\prompt\context_windows.py","394","prompt_context_continuation_from_payload"
"context_windows.py","C:\Users\carmi\AI\services\aicarmine_broker\application\prompt\context_windows.py","439","forbidden_repeated_prompt_window_calls"
"evidence_contract.py","C:\Users\carmi\AI\services\aicarmine_broker\application\prompt\evidence_contract.py","47","_counted_top_list"
"evidence_contract.py","C:\Users\carmi\AI\services\aicarmine_broker\application\prompt\evidence_contract.py","64","_apply_counted_top_list"
"evidence_contract.py","C:\Users\carmi\AI\services\aicarmine_broker\application\prompt\evidence_contract.py","84","_compact_verified_content_reads"
"evidence_contract.py","C:\Users\carmi\AI\services\aicarmine_broker\application\prompt\evidence_contract.py","120","compact_evidence_contract_for_prompt"
"evidence_contract.py","C:\Users\carmi\AI\services\aicarmine_broker\application\prompt\evidence_contract.py","217","_compact_allowed_batch_actions_for_prompt"
"evidence_contract.py","C:\Users\carmi\AI\services\aicarmine_broker\application\prompt\evidence_contract.py","240","hard_budget_evidence_contract_summary"
"history_contract.py","C:\Users\carmi\AI\services\aicarmine_broker\application\prompt\history_contract.py","10","compact_history_for_prompt"
"history_messages.py","C:\Users\carmi\AI\services\aicarmine_broker\application\prompt\history_messages.py","13","planner_scratchpad_window_signature"
"history_messages.py","C:\Users\carmi\AI\services\aicarmine_broker\application\prompt\history_messages.py","18","repo_read_window_signature"
"history_messages.py","C:\Users\carmi\AI\services\aicarmine_broker\application\prompt\history_messages.py","70","planner_history_summary"
"history_messages.py","C:\Users\carmi\AI\services\aicarmine_broker\application\prompt\history_messages.py","84","clean_planner_history_value"
"history_messages.py","C:\Users\carmi\AI\services\aicarmine_broker\application\prompt\history_messages.py","109","planner_history_arguments"
"history_messages.py","C:\Users\carmi\AI\services\aicarmine_broker\application\prompt\history_messages.py","138","planner_history_reason"
"history_messages.py","C:\Users\carmi\AI\services\aicarmine_broker\application\prompt\history_messages.py","151","planner_controller_guard_history_payload"
"history_messages.py","C:\Users\carmi\AI\services\aicarmine_broker\application\prompt\history_messages.py","212","planner_repo_read_history_payload"
"history_messages.py","C:\Users\carmi\AI\services\aicarmine_broker\application\prompt\history_messages.py","263","planner_history_evidence_payload"
"history_messages.py","C:\Users\carmi\AI\services\aicarmine_broker\application\prompt\history_messages.py","277","planner_tool_result_message_payload"
"history_messages.py","C:\Users\carmi\AI\services\aicarmine_broker\application\prompt\history_messages.py","344","planner_history_item_messages"
"history_messages.py","C:\Users\carmi\AI\services\aicarmine_broker\application\prompt\history_messages.py","430","planner_history_messages_for_ollama"
"intrinsic_context.py","C:\Users\carmi\AI\services\aicarmine_broker\application\prompt\intrinsic_context.py","9","compact_intrinsic_context_for_prompt"
"pack_builder.py","C:\Users\carmi\AI\services\aicarmine_broker\application\prompt\pack_builder.py","11","_dict_field"
"pack_builder.py","C:\Users\carmi\AI\services\aicarmine_broker\application\prompt\pack_builder.py","16","_runtime_roots_payload"
"pack_builder.py","C:\Users\carmi\AI\services\aicarmine_broker\application\prompt\pack_builder.py","28","_base_tool_surface_reason"
"pack_builder.py","C:\Users\carmi\AI\services\aicarmine_broker\application\prompt\pack_builder.py","51","_allowed_actions_from_contract"
"pack_builder.py","C:\Users\carmi\AI\services\aicarmine_broker\application\prompt\pack_builder.py","76","_tool_names_from_available_tools_payload"
"pack_builder.py","C:\Users\carmi\AI\services\aicarmine_broker\application\prompt\pack_builder.py","86","_tool_shape_examples_for_transport"
"pack_builder.py","C:\Users\carmi\AI\services\aicarmine_broker\application\prompt\pack_builder.py","105","_filter_candidate_actions_by_available_tools"
"pack_builder.py","C:\Users\carmi\AI\services\aicarmine_broker\application\prompt\pack_builder.py","136","_normalize_candidates_for_available_tools"
"pack_builder.py","C:\Users\carmi\AI\services\aicarmine_broker\application\prompt\pack_builder.py","179","_normalize_transport_tool_surface_state"
"pack_builder.py","C:\Users\carmi\AI\services\aicarmine_broker\application\prompt\pack_builder.py","224","explicit_request_context_from_state"
"pack_builder.py","C:\Users\carmi\AI\services\aicarmine_broker\application\prompt\pack_builder.py","253","invocation_context_from_explicit_request_context"
"pack_builder.py","C:\Users\carmi\AI\services\aicarmine_broker\application\prompt\pack_builder.py","286","step_budget_guidance_from_state"
"pack_builder.py","C:\Users\carmi\AI\services\aicarmine_broker\application\prompt\pack_builder.py","303","build"
"pack_builder.py","C:\Users\carmi\AI\services\aicarmine_broker\application\prompt\pack_builder.py","379","assemble"
"pack_builder.py","C:\Users\carmi\AI\services\aicarmine_broker\application\prompt\pack_builder.py","1024","build_planner_user_payload"
"text_windows.py","C:\Users\carmi\AI\services\aicarmine_broker\application\prompt\text_windows.py","9","window_text"
"text_windows.py","C:\Users\carmi\AI\services\aicarmine_broker\application\prompt\text_windows.py","51","diff_chunks"
"tool_contract.py","C:\Users\carmi\AI\services\aicarmine_broker\application\prompt\tool_contract.py","15","available_tools_for_user_payload"
"tool_contract.py","C:\Users\carmi\AI\services\aicarmine_broker\application\prompt\tool_contract.py","36","filter_tool_manifest_for_names"
"tool_contract.py","C:\Users\carmi\AI\services\aicarmine_broker\application\prompt\tool_contract.py","42","native_tools_schema_for_planner"
"tool_contract.py","C:\Users\carmi\AI\services\aicarmine_broker\application\prompt\tool_contract.py","57","tool_shape_examples_for_prompt"
"tool_contract.py","C:\Users\carmi\AI\services\aicarmine_broker\application\prompt\tool_contract.py","191","hard_budget_tool_shape_examples_for_prompt"
"values.py","C:\Users\carmi\AI\services\aicarmine_broker\application\prompt\values.py","10","prompt_clip_text"
"values.py","C:\Users\carmi\AI\services\aicarmine_broker\application\prompt\values.py","18","prompt_clip_value"
"values.py","C:\Users\carmi\AI\services\aicarmine_broker\application\prompt\values.py","55","text_hash"
"window_signatures.py","C:\Users\carmi\AI\services\aicarmine_broker\application\prompt\window_signatures.py","30","decision_paths"
"window_signatures.py","C:\Users\carmi\AI\services\aicarmine_broker\application\prompt\window_signatures.py","34","add_path"
"window_signatures.py","C:\Users\carmi\AI\services\aicarmine_broker\application\prompt\window_signatures.py","48","add_item_path"
"window_signatures.py","C:\Users\carmi\AI\services\aicarmine_broker\application\prompt\window_signatures.py","73","window_signature_value"
"window_signatures.py","C:\Users\carmi\AI\services\aicarmine_broker\application\prompt\window_signatures.py","90","repo_read_window_signature"
"window_signatures.py","C:\Users\carmi\AI\services\aicarmine_broker\application\prompt\window_signatures.py","105","planner_scratchpad_window_signature"
"window_signatures.py","C:\Users\carmi\AI\services\aicarmine_broker\application\prompt\window_signatures.py","131","repo_read_window_range_for_target"
"__init__.py","C:\Users\carmi\AI\services\aicarmine_broker\application\prompt\__init__.py","24","__getattr__"
"evidence_materializer.py","C:\Users\carmi\AI\services\aicarmine_broker\application\public_payload\evidence_materializer.py","27","_as_dict"
"evidence_materializer.py","C:\Users\carmi\AI\services\aicarmine_broker\application\public_payload\evidence_materializer.py","39","_as_list"
"evidence_materializer.py","C:\Users\carmi\AI\services\aicarmine_broker\application\public_payload\evidence_materializer.py","43","_clean"
"evidence_materializer.py","C:\Users\carmi\AI\services\aicarmine_broker\application\public_payload\evidence_materializer.py","61","_priority_item_from_artifact"
"evidence_materializer.py","C:\Users\carmi\AI\services\aicarmine_broker\application\public_payload\evidence_materializer.py","150","_generic_tool_result_priority_item"
"evidence_materializer.py","C:\Users\carmi\AI\services\aicarmine_broker\application\public_payload\evidence_materializer.py","179","_analysis_priority_item"
"evidence_materializer.py","C:\Users\carmi\AI\services\aicarmine_broker\application\public_payload\evidence_materializer.py","214","_partial_priority_items"
"evidence_materializer.py","C:\Users\carmi\AI\services\aicarmine_broker\application\public_payload\evidence_materializer.py","239","_coverage_priority_item"
"evidence_materializer.py","C:\Users\carmi\AI\services\aicarmine_broker\application\public_payload\evidence_materializer.py","276","_context_location_resolution"
"evidence_materializer.py","C:\Users\carmi\AI\services\aicarmine_broker\application\public_payload\evidence_materializer.py","325","_context_location"
"evidence_materializer.py","C:\Users\carmi\AI\services\aicarmine_broker\application\public_payload\evidence_materializer.py","330","_payload_index_row"
"evidence_materializer.py","C:\Users\carmi\AI\services\aicarmine_broker\application\public_payload\evidence_materializer.py","472","_code_product_payload_is_complete"
"evidence_materializer.py","C:\Users\carmi\AI\services\aicarmine_broker\application\public_payload\evidence_materializer.py","486","_code_product_final_allowed"
"evidence_materializer.py","C:\Users\carmi\AI\services\aicarmine_broker\application\public_payload\evidence_materializer.py","501","_artifact_repo_path"
"evidence_materializer.py","C:\Users\carmi\AI\services\aicarmine_broker\application\public_payload\evidence_materializer.py","510","_code_product_gate"
"evidence_materializer.py","C:\Users\carmi\AI\services\aicarmine_broker\application\public_payload\evidence_materializer.py","580","_iter_location_strings"
"evidence_materializer.py","C:\Users\carmi\AI\services\aicarmine_broker\application\public_payload\evidence_materializer.py","589","_item_index_from_location"
"evidence_materializer.py","C:\Users\carmi\AI\services\aicarmine_broker\application\public_payload\evidence_materializer.py","601","_first_location_value"
"evidence_materializer.py","C:\Users\carmi\AI\services\aicarmine_broker\application\public_payload\evidence_materializer.py","609","_append_unique"
"evidence_materializer.py","C:\Users\carmi\AI\services\aicarmine_broker\application\public_payload\evidence_materializer.py","615","_payload_search_order"
"evidence_materializer.py","C:\Users\carmi\AI\services\aicarmine_broker\application\public_payload\evidence_materializer.py","639","_owner_for_priority_item"
"evidence_materializer.py","C:\Users\carmi\AI\services\aicarmine_broker\application\public_payload\evidence_materializer.py","658","_primary_descriptor_from_row"
"evidence_materializer.py","C:\Users\carmi\AI\services\aicarmine_broker\application\public_payload\evidence_materializer.py","695","_primary_payload_descriptor"
"evidence_materializer.py","C:\Users\carmi\AI\services\aicarmine_broker\application\public_payload\evidence_materializer.py","750","materialize"
"evidence_materializer.py","C:\Users\carmi\AI\services\aicarmine_broker\application\public_payload\evidence_materializer.py","779","_priority_evidence"
"evidence_materializer.py","C:\Users\carmi\AI\services\aicarmine_broker\application\public_payload\evidence_materializer.py","836","_payload_index"
"evidence_materializer.py","C:\Users\carmi\AI\services\aicarmine_broker\application\public_payload\evidence_materializer.py","906","_materialization_report"
"evidence_materializer.py","C:\Users\carmi\AI\services\aicarmine_broker\application\public_payload\evidence_materializer.py","970","materialize_public_evidence"
"field_names.py","C:\Users\carmi\AI\services\aicarmine_broker\application\public_payload\field_names.py","71","replace_public_field_name_references"
"field_names.py","C:\Users\carmi\AI\services\aicarmine_broker\application\public_payload\field_names.py","78","normalize_public_payload_field_names"
"final_state_result.py","C:\Users\carmi\AI\services\aicarmine_broker\application\public_payload\final_state_result.py","11","compact_final_state_result"
"history_ledger.py","C:\Users\carmi\AI\services\aicarmine_broker\application\public_payload\history_ledger.py","10","compact_json"
"history_ledger.py","C:\Users\carmi\AI\services\aicarmine_broker\application\public_payload\history_ledger.py","18","build_public_result_digest"
"openwebui_terminal_answer.py","C:\Users\carmi\AI\services\aicarmine_broker\application\public_payload\openwebui_terminal_answer.py","12","_has_successful_inline_evidence"
"openwebui_terminal_answer.py","C:\Users\carmi\AI\services\aicarmine_broker\application\public_payload\openwebui_terminal_answer.py","28","_coverage_missing"
"openwebui_terminal_answer.py","C:\Users\carmi\AI\services\aicarmine_broker\application\public_payload\openwebui_terminal_answer.py","33","_coverage_status"
"openwebui_terminal_answer.py","C:\Users\carmi\AI\services\aicarmine_broker\application\public_payload\openwebui_terminal_answer.py","78","_terminal_evidence_first_text"
"openwebui_terminal_answer.py","C:\Users\carmi\AI\services\aicarmine_broker\application\public_payload\openwebui_terminal_answer.py","100","answer_for_openwebui"
"openwebui_terminal_answer.py","C:\Users\carmi\AI\services\aicarmine_broker\application\public_payload\openwebui_terminal_answer.py","197","next_action_for_openwebui"
"openwebui_tool_context.py","C:\Users\carmi\AI\services\aicarmine_broker\application\public_payload\openwebui_tool_context.py","51","build_terminal_payload"
"openwebui_tool_context.py","C:\Users\carmi\AI\services\aicarmine_broker\application\public_payload\openwebui_tool_context.py","61","_build_context"
"openwebui_tool_context.py","C:\Users\carmi\AI\services\aicarmine_broker\application\public_payload\openwebui_tool_context.py","76","build_section"
"payload_index_resolver.py","C:\Users\carmi\AI\services\aicarmine_broker\application\public_payload\payload_index_resolver.py","14","_parse_tool_context"
"payload_index_resolver.py","C:\Users\carmi\AI\services\aicarmine_broker\application\public_payload\payload_index_resolver.py","24","_parse_tool_context_diagnostic"
"payload_index_resolver.py","C:\Users\carmi\AI\services\aicarmine_broker\application\public_payload\payload_index_resolver.py","54","_payload_for_resolution"
"payload_index_resolver.py","C:\Users\carmi\AI\services\aicarmine_broker\application\public_payload\payload_index_resolver.py","61","_payload_for_resolution_with_diagnostics"
"payload_index_resolver.py","C:\Users\carmi\AI\services\aicarmine_broker\application\public_payload\payload_index_resolver.py","75","_is_empty"
"payload_index_resolver.py","C:\Users\carmi\AI\services\aicarmine_broker\application\public_payload\payload_index_resolver.py","79","_tokenize_with_diagnostics"
"payload_index_resolver.py","C:\Users\carmi\AI\services\aicarmine_broker\application\public_payload\payload_index_resolver.py","99","_tokenize"
"payload_index_resolver.py","C:\Users\carmi\AI\services\aicarmine_broker\application\public_payload\payload_index_resolver.py","104","_resolve_tokens"
"payload_index_resolver.py","C:\Users\carmi\AI\services\aicarmine_broker\application\public_payload\payload_index_resolver.py","130","resolve_field_path"
"payload_index_resolver.py","C:\Users\carmi\AI\services\aicarmine_broker\application\public_payload\payload_index_resolver.py","149","_iter_location_values"
"payload_index_resolver.py","C:\Users\carmi\AI\services\aicarmine_broker\application\public_payload\payload_index_resolver.py","158","_iter_index_targets"
"payload_index_resolver.py","C:\Users\carmi\AI\services\aicarmine_broker\application\public_payload\payload_index_resolver.py","172","resolve_payload_index"
"terminal_context_rows.py","C:\Users\carmi\AI\services\aicarmine_broker\application\public_payload\terminal_context_rows.py","8","terminal_context_alias"
"terminal_context_rows.py","C:\Users\carmi\AI\services\aicarmine_broker\application\public_payload\terminal_context_rows.py","16","_history_row_error"
"terminal_context_rows.py","C:\Users\carmi\AI\services\aicarmine_broker\application\public_payload\terminal_context_rows.py","29","planner_decision_rows"
"terminal_context_rows.py","C:\Users\carmi\AI\services\aicarmine_broker\application\public_payload\terminal_context_rows.py","57","validation_rejection_rows"
"terminal_context_rows.py","C:\Users\carmi\AI\services\aicarmine_broker\application\public_payload\terminal_context_rows.py","89","executed_tool_rows"
"terminal_result.py","C:\Users\carmi\AI\services\aicarmine_broker\application\public_payload\terminal_result.py","20","_history_ledger_diagnostic"
"terminal_result.py","C:\Users\carmi\AI\services\aicarmine_broker\application\public_payload\terminal_result.py","33","public_terminal_history_ledger"
"terminal_result.py","C:\Users\carmi\AI\services\aicarmine_broker\application\public_payload\terminal_result.py","40","public_summary"
"terminal_sanitizer.py","C:\Users\carmi\AI\services\aicarmine_broker\application\public_payload\terminal_sanitizer.py","26","public_terminal_content_key"
"terminal_sanitizer.py","C:\Users\carmi\AI\services\aicarmine_broker\application\public_payload\terminal_sanitizer.py","41","public_terminal_sanitize_text"
"terminal_sanitizer.py","C:\Users\carmi\AI\services\aicarmine_broker\application\public_payload\terminal_sanitizer.py","66","public_terminal_sanitize_value"
"tool_context.py","C:\Users\carmi\AI\services\aicarmine_broker\application\public_payload\tool_context.py","33","_slim_job"
"tool_context.py","C:\Users\carmi\AI\services\aicarmine_broker\application\public_payload\tool_context.py","42","_public_context_usage"
"tool_context.py","C:\Users\carmi\AI\services\aicarmine_broker\application\public_payload\tool_context.py","57","slim_public_tool_context"
"tool_context.py","C:\Users\carmi\AI\services\aicarmine_broker\application\public_payload\tool_context.py","106","decision_for_turn_memory"
"tool_context.py","C:\Users\carmi\AI\services\aicarmine_broker\application\public_payload\tool_context.py","120","strip_public_artifact_paths"
"tool_context.py","C:\Users\carmi\AI\services\aicarmine_broker\application\public_payload\tool_context.py","132","strip_public_local_references"
"tool_context.py","C:\Users\carmi\AI\services\aicarmine_broker\application\public_payload\tool_context.py","150","public_tool_response"
"tool_context.py","C:\Users\carmi\AI\services\aicarmine_broker\application\public_payload\tool_context.py","273","_public_tool_turns"
"tool_context.py","C:\Users\carmi\AI\services\aicarmine_broker\application\public_payload\tool_context.py","321","successful_tool_turns"
"tool_context.py","C:\Users\carmi\AI\services\aicarmine_broker\application\public_payload\tool_context.py","337","failed_tool_turns"
"tool_context.py","C:\Users\carmi\AI\services\aicarmine_broker\application\public_payload\tool_context.py","353","public_tool_artifact_rows"
"tool_context.py","C:\Users\carmi\AI\services\aicarmine_broker\application\public_payload\tool_context.py","420","public_tool_context_limits"
"tool_context.py","C:\Users\carmi\AI\services\aicarmine_broker\application\public_payload\tool_context.py","453","ollama_turn_rows"
"tool_context.py","C:\Users\carmi\AI\services\aicarmine_broker\application\public_payload\tool_context.py","497","planner_turn_memory"
"tool_context.py","C:\Users\carmi\AI\services\aicarmine_broker\application\public_payload\tool_context.py","526","ollama_turn_summary_text"
"tool_context.py","C:\Users\carmi\AI\services\aicarmine_broker\application\public_payload\tool_context.py","550","final_summary_with_ollama_done_reasons"
"__init__.py","C:\Users\carmi\AI\services\aicarmine_broker\application\public_payload\__init__.py","25","__getattr__"
"__init__.py","C:\Users\carmi\AI\services\aicarmine_broker\application\public_payload\lab\__init__.py","86","_preplanner_semantic_intent_from_mapping"
"__init__.py","C:\Users\carmi\AI\services\aicarmine_broker\application\public_payload\lab\__init__.py","111","_controlled_goal_class_from_tool_context"
"__init__.py","C:\Users\carmi\AI\services\aicarmine_broker\application\public_payload\lab\__init__.py","116","_payload_goal_requests_apply"
"__init__.py","C:\Users\carmi\AI\services\aicarmine_broker\application\public_payload\lab\__init__.py","123","_payload_goal_requests_code_product"
"__init__.py","C:\Users\carmi\AI\services\aicarmine_broker\application\public_payload\lab\__init__.py","130","bounded_int"
"__init__.py","C:\Users\carmi\AI\services\aicarmine_broker\application\public_payload\lab\__init__.py","138","_clip"
"__init__.py","C:\Users\carmi\AI\services\aicarmine_broker\application\public_payload\lab\__init__.py","145","_json_hash"
"__init__.py","C:\Users\carmi\AI\services\aicarmine_broker\application\public_payload\lab\__init__.py","150","_bounded_json"
"__init__.py","C:\Users\carmi\AI\services\aicarmine_broker\application\public_payload\lab\__init__.py","154","_parse_jsonish"
"__init__.py","C:\Users\carmi\AI\services\aicarmine_broker\application\public_payload\lab\__init__.py","169","_iter_dicts"
"__init__.py","C:\Users\carmi\AI\services\aicarmine_broker\application\public_payload\lab\__init__.py","181","_code_candidate_from_dict"
"__init__.py","C:\Users\carmi\AI\services\aicarmine_broker\application\public_payload\lab\__init__.py","232","extract_code_products"
"__init__.py","C:\Users\carmi\AI\services\aicarmine_broker\application\public_payload\lab\__init__.py","261","build_step_summaries"
"__init__.py","C:\Users\carmi\AI\services\aicarmine_broker\application\public_payload\lab\__init__.py","308","_first_non_empty_text"
"__init__.py","C:\Users\carmi\AI\services\aicarmine_broker\application\public_payload\lab\__init__.py","316","_type_name"
"__init__.py","C:\Users\carmi\AI\services\aicarmine_broker\application\public_payload\lab\__init__.py","334","_value_measure"
"__init__.py","C:\Users\carmi\AI\services\aicarmine_broker\application\public_payload\lab\__init__.py","353","_field_role"
"__init__.py","C:\Users\carmi\AI\services\aicarmine_broker\application\public_payload\lab\__init__.py","369","_inline_payload_field"
"__init__.py","C:\Users\carmi\AI\services\aicarmine_broker\application\public_payload\lab\__init__.py","388","_payload_shape_rows"
"__init__.py","C:\Users\carmi\AI\services\aicarmine_broker\application\public_payload\lab\__init__.py","441","_inline_fields_from_item"
"__init__.py","C:\Users\carmi\AI\services\aicarmine_broker\application\public_payload\lab\__init__.py","477","_useful_payload_field"
"__init__.py","C:\Users\carmi\AI\services\aicarmine_broker\application\public_payload\lab\__init__.py","510","_first_priority_item"
"__init__.py","C:\Users\carmi\AI\services\aicarmine_broker\application\public_payload\lab\__init__.py","521","_first_code_product_field"
"__init__.py","C:\Users\carmi\AI\services\aicarmine_broker\application\public_payload\lab\__init__.py","554","_first_apply_artifact_field"
"__init__.py","C:\Users\carmi\AI\services\aicarmine_broker\application\public_payload\lab\__init__.py","581","build_owner_payload_focus"
"__init__.py","C:\Users\carmi\AI\services\aicarmine_broker\application\public_payload\lab\__init__.py","704","build_public_tool_response_view"
"__init__.py","C:\Users\carmi\AI\services\aicarmine_broker\application\public_payload\lab\__init__.py","813","build_payload_redundancy_audit"
"__init__.py","C:\Users\carmi\AI\services\aicarmine_broker\application\public_payload\lab\__init__.py","872","build_chat_turn_summary"
"__init__.py","C:\Users\carmi\AI\services\aicarmine_broker\application\public_payload\lab\__init__.py","911","build_planner_payload_lab"
"__init__.py","C:\Users\carmi\AI\services\aicarmine_broker\application\public_payload\lab\__init__.py","1061","find_code_product_candidate"
"__init__.py","C:\Users\carmi\AI\services\aicarmine_broker\application\public_payload\lab\__init__.py","1068","build_planner_lab_apply_tool_call"
"__init__.py","C:\Users\carmi\AI\services\aicarmine_broker\application\public_payload\lab\__init__.py","1116","build_planner_lab_compose_request"
"__init__.py","C:\Users\carmi\AI\services\aicarmine_broker\application\public_payload\lab\__init__.py","1186","parse_planner_lab_compose_response"
"loop_replay.py","C:\Users\carmi\AI\services\aicarmine_broker\application\replay\loop_replay.py","31","_read_json"
"loop_replay.py","C:\Users\carmi\AI\services\aicarmine_broker\application\replay\loop_replay.py","61","_read_ndjson"
"loop_replay.py","C:\Users\carmi\AI\services\aicarmine_broker\application\replay\loop_replay.py","110","_event_types"
"loop_replay.py","C:\Users\carmi\AI\services\aicarmine_broker\application\replay\loop_replay.py","114","_missing_full_loop_events"
"loop_replay.py","C:\Users\carmi\AI\services\aicarmine_broker\application\replay\loop_replay.py","123","_read_sqlite_events"
"loop_replay.py","C:\Users\carmi\AI\services\aicarmine_broker\application\replay\loop_replay.py","234","_select_replay_events"
"loop_replay.py","C:\Users\carmi\AI\services\aicarmine_broker\application\replay\loop_replay.py","282","_resolve_job_root"
"loop_replay.py","C:\Users\carmi\AI\services\aicarmine_broker\application\replay\loop_replay.py","292","_default_evidence_builder"
"loop_replay.py","C:\Users\carmi\AI\services\aicarmine_broker\application\replay\loop_replay.py","298","_default_validator"
"loop_replay.py","C:\Users\carmi\AI\services\aicarmine_broker\application\replay\loop_replay.py","304","_history_tool_result"
"loop_replay.py","C:\Users\carmi\AI\services\aicarmine_broker\application\replay\loop_replay.py","312","_stable_key"
"loop_replay.py","C:\Users\carmi\AI\services\aicarmine_broker\application\replay\loop_replay.py","317","_rejection_signature"
"loop_replay.py","C:\Users\carmi\AI\services\aicarmine_broker\application\replay\loop_replay.py","332","_guard_result_rows_from_history"
"loop_replay.py","C:\Users\carmi\AI\services\aicarmine_broker\application\replay\loop_replay.py","344","_guard_result_rows_from_events"
"loop_replay.py","C:\Users\carmi\AI\services\aicarmine_broker\application\replay\loop_replay.py","361","_detect_repeated_invalid_decisions"
"loop_replay.py","C:\Users\carmi\AI\services\aicarmine_broker\application\replay\loop_replay.py","388","_candidate_paths"
"loop_replay.py","C:\Users\carmi\AI\services\aicarmine_broker\application\replay\loop_replay.py","400","_candidate_validator_mismatches"
"loop_replay.py","C:\Users\carmi\AI\services\aicarmine_broker\application\replay\loop_replay.py","425","target_tool_coverage_from_history"
"loop_replay.py","C:\Users\carmi\AI\services\aicarmine_broker\application\replay\loop_replay.py","480","target_tool_coverage_from_events"
"loop_replay.py","C:\Users\carmi\AI\services\aicarmine_broker\application\replay\loop_replay.py","540","target_tool_coverage_from_runtime_artifacts"
"loop_replay.py","C:\Users\carmi\AI\services\aicarmine_broker\application\replay\loop_replay.py","558","_validator_rejections_from_history"
"loop_replay.py","C:\Users\carmi\AI\services\aicarmine_broker\application\replay\loop_replay.py","572","_validator_rejections_from_events"
"loop_replay.py","C:\Users\carmi\AI\services\aicarmine_broker\application\replay\loop_replay.py","586","_recompute_validator_results"
"loop_replay.py","C:\Users\carmi\AI\services\aicarmine_broker\application\replay\loop_replay.py","616","_bounded"
"loop_replay.py","C:\Users\carmi\AI\services\aicarmine_broker\application\replay\loop_replay.py","629","_json_roundtrip"
"loop_replay.py","C:\Users\carmi\AI\services\aicarmine_broker\application\replay\loop_replay.py","633","_first_prompt_payload"
"loop_replay.py","C:\Users\carmi\AI\services\aicarmine_broker\application\replay\loop_replay.py","640","_planner_prompt_audit"
"loop_replay.py","C:\Users\carmi\AI\services\aicarmine_broker\application\replay\loop_replay.py","684","_runtime_loop_artifact_audit"
"loop_replay.py","C:\Users\carmi\AI\services\aicarmine_broker\application\replay\loop_replay.py","705","fail"
"loop_replay.py","C:\Users\carmi\AI\services\aicarmine_broker\application\replay\loop_replay.py","783","replay_loop_job"
"loop_replay.py","C:\Users\carmi\AI\services\aicarmine_broker\application\replay\loop_replay.py","882","main"
"__init__.py","C:\Users\carmi\AI\services\aicarmine_broker\application\replay\__init__.py","8","__getattr__"
"debug_packet.py","C:\Users\carmi\AI\services\aicarmine_broker\application\runtime_debug\debug_packet.py","36","_clip_text"
"debug_packet.py","C:\Users\carmi\AI\services\aicarmine_broker\application\runtime_debug\debug_packet.py","46","_bounded_jsonable"
"debug_packet.py","C:\Users\carmi\AI\services\aicarmine_broker\application\runtime_debug\debug_packet.py","95","_json_roundtrip"
"debug_packet.py","C:\Users\carmi\AI\services\aicarmine_broker\application\runtime_debug\debug_packet.py","109","_decision_summary"
"debug_packet.py","C:\Users\carmi\AI\services\aicarmine_broker\application\runtime_debug\debug_packet.py","127","_validator_summary"
"debug_packet.py","C:\Users\carmi\AI\services\aicarmine_broker\application\runtime_debug\debug_packet.py","148","_evidence_summary"
"debug_packet.py","C:\Users\carmi\AI\services\aicarmine_broker\application\runtime_debug\debug_packet.py","170","build_runtime_debug_packet"
"search_quality.py","C:\Users\carmi\AI\services\aicarmine_broker\application\search\search_quality.py","13","_query_from_with_diagnostics"
"search_quality.py","C:\Users\carmi\AI\services\aicarmine_broker\application\search\search_quality.py","28","_query_from"
"search_quality.py","C:\Users\carmi\AI\services\aicarmine_broker\application\search\search_quality.py","33","_int_from"
"search_quality.py","C:\Users\carmi\AI\services\aicarmine_broker\application\search\search_quality.py","47","_result_sequence_len"
"search_quality.py","C:\Users\carmi\AI\services\aicarmine_broker\application\search\search_quality.py","63","_recommended_query"
"search_quality.py","C:\Users\carmi\AI\services\aicarmine_broker\application\search\search_quality.py","76","assess_search_quality"
"clean_values.py","C:\Users\carmi\AI\services\aicarmine_broker\application\shared\clean_values.py","7","drop_empty_dict_values"
"diagnostics.py","C:\Users\carmi\AI\services\aicarmine_broker\application\shared\diagnostics.py","9","diagnostic_row"
"diagnostics.py","C:\Users\carmi\AI\services\aicarmine_broker\application\shared\diagnostics.py","30","safe_text"
"diagnostics.py","C:\Users\carmi\AI\services\aicarmine_broker\application\shared\diagnostics.py","40","safe_json_text"
"evidence_builder.py","C:\Users\carmi\AI\services\aicarmine_broker\application\shared\evidence_builder.py","9","__init__"
"evidence_builder.py","C:\Users\carmi\AI\services\aicarmine_broker\application\shared\evidence_builder.py","13","_append_unique"
"evidence_builder.py","C:\Users\carmi\AI\services\aicarmine_broker\application\shared\evidence_builder.py","19","_clip_text"
"evidence_builder.py","C:\Users\carmi\AI\services\aicarmine_broker\application\shared\evidence_builder.py","26","_compact_list"
"evidence_builder.py","C:\Users\carmi\AI\services\aicarmine_broker\application\shared\evidence_builder.py","32","_compact_mapping"
"evidence_builder.py","C:\Users\carmi\AI\services\aicarmine_broker\application\shared\evidence_builder.py","47","_repo_read_completed_paths"
"evidence_builder.py","C:\Users\carmi\AI\services\aicarmine_broker\application\shared\evidence_builder.py","52","_repo_read_path_allowlist"
"evidence_builder.py","C:\Users\carmi\AI\services\aicarmine_broker\application\shared\evidence_builder.py","57","_known_repo_paths"
"evidence_builder.py","C:\Users\carmi\AI\services\aicarmine_broker\application\shared\evidence_builder.py","62","_known_repo_dirs"
"evidence_builder.py","C:\Users\carmi\AI\services\aicarmine_broker\application\shared\evidence_builder.py","67","_route_token_is_prose_or_metric"
"evidence_builder.py","C:\Users\carmi\AI\services\aicarmine_broker\application\shared\evidence_builder.py","72","_search_query_is_concrete"
"evidence_builder.py","C:\Users\carmi\AI\services\aicarmine_broker\application\shared\evidence_builder.py","77","_allowed_concrete_repo_path"
"evidence_builder.py","C:\Users\carmi\AI\services\aicarmine_broker\application\shared\evidence_builder.py","82","_normalize_required_next_tool_call_paths"
"evidence_builder.py","C:\Users\carmi\AI\services\aicarmine_broker\application\shared\evidence_builder.py","87","_required_next_output_sections"
"evidence_builder.py","C:\Users\carmi\AI\services\aicarmine_broker\application\shared\evidence_builder.py","92","_required_next_missing_evidences"
"evidence_builder.py","C:\Users\carmi\AI\services\aicarmine_broker\application\shared\evidence_builder.py","97","_unverified_final_path_tokens"
"evidence_builder.py","C:\Users\carmi\AI\services\aicarmine_broker\application\shared\evidence_builder.py","102","_concept_present"
"evidence_builder.py","C:\Users\carmi\AI\services\aicarmine_broker\application\shared\evidence_builder.py","107","_absolute_no_issue_claim"
"evidence_builder.py","C:\Users\carmi\AI\services\aicarmine_broker\application\shared\evidence_builder.py","112","_absolute_repo_no_issue_claim"
"evidence_builder.py","C:\Users\carmi\AI\services\aicarmine_broker\application\shared\evidence_builder.py","117","_declares_partial_or_limited_coverage"
"evidence_builder.py","C:\Users\carmi\AI\services\aicarmine_broker\application\shared\evidence_builder.py","122","_claims_deep_or_complete_review"
"evidence_contract_summary.py","C:\Users\carmi\AI\services\aicarmine_broker\application\shared\evidence_contract_summary.py","39","_as_items"
"evidence_contract_summary.py","C:\Users\carmi\AI\services\aicarmine_broker\application\shared\evidence_contract_summary.py","45","compact_minimum_read_coverage"
"evidence_contract_summary.py","C:\Users\carmi\AI\services\aicarmine_broker\application\shared\evidence_contract_summary.py","74","coverage_status_from_contract"
"evidence_contract_summary.py","C:\Users\carmi\AI\services\aicarmine_broker\application\shared\evidence_contract_summary.py","111","compact_evidence_contract_summary"
"evidence_contract_summary.py","C:\Users\carmi\AI\services\aicarmine_broker\application\shared\evidence_contract_summary.py","172","evidence_contract_summary_triplet"
"evidence_contract_summary.py","C:\Users\carmi\AI\services\aicarmine_broker\application\shared\evidence_contract_summary.py","192","validation_without_full_evidence_contract"
"history_ledger.py","C:\Users\carmi\AI\services\aicarmine_broker\application\shared\history_ledger.py","13","planner_ollama_turn_from_decision"
"history_ledger.py","C:\Users\carmi\AI\services\aicarmine_broker\application\shared\history_ledger.py","35","history_item_ollama_turn"
"history_ledger.py","C:\Users\carmi\AI\services\aicarmine_broker\application\shared\history_ledger.py","59","_ledger_diagnostic"
"history_ledger.py","C:\Users\carmi\AI\services\aicarmine_broker\application\shared\history_ledger.py","68","planner_history_ledger"
"history_queries.py","C:\Users\carmi\AI\services\aicarmine_broker\application\shared\history_queries.py","7","history_tool_result"
"history_queries.py","C:\Users\carmi\AI\services\aicarmine_broker\application\shared\history_queries.py","18","history_has_tool"
"path_tokens.py","C:\Users\carmi\AI\services\aicarmine_broker\application\shared\path_tokens.py","9","repo_path_token"
"path_tokens.py","C:\Users\carmi\AI\services\aicarmine_broker\application\shared\path_tokens.py","29","repo_rel_token"
"payload_metadata.py","C:\Users\carmi\AI\services\aicarmine_broker\application\shared\payload_metadata.py","19","stable_json_text"
"payload_metadata.py","C:\Users\carmi\AI\services\aicarmine_broker\application\shared\payload_metadata.py","24","stable_json_fingerprint"
"payload_metadata.py","C:\Users\carmi\AI\services\aicarmine_broker\application\shared\payload_metadata.py","29","counted_list"
"payload_metadata.py","C:\Users\carmi\AI\services\aicarmine_broker\application\shared\payload_metadata.py","43","_is_empty_value"
"payload_metadata.py","C:\Users\carmi\AI\services\aicarmine_broker\application\shared\payload_metadata.py","50","compact_value"
"validation_utils.py","C:\Users\carmi\AI\services\aicarmine_broker\application\shared\validation_utils.py","6","_list_or_empty"
"validation_utils.py","C:\Users\carmi\AI\services\aicarmine_broker\application\shared\validation_utils.py","11","_repo_path_is_concrete"
"validation_utils.py","C:\Users\carmi\AI\services\aicarmine_broker\application\shared\validation_utils.py","18","_coalesce_repo_read_paths"
"validation_utils.py","C:\Users\carmi\AI\services\aicarmine_broker\application\shared\validation_utils.py","29","_final_quality_repo_read_allowlist"
"validation_utils.py","C:\Users\carmi\AI\services\aicarmine_broker\application\shared\validation_utils.py","35","_collect_repo_paths"
"validation_utils.py","C:\Users\carmi\AI\services\aicarmine_broker\application\shared\validation_utils.py","41","_known_contract_repo_paths"
"validation_utils.py","C:\Users\carmi\AI\services\aicarmine_broker\application\shared\validation_utils.py","47","_known_contract_repo_dirs"
"validation_utils.py","C:\Users\carmi\AI\services\aicarmine_broker\application\shared\validation_utils.py","53","_route_token_is_prose_or_metric"
"validation_utils.py","C:\Users\carmi\AI\services\aicarmine_broker\application\shared\validation_utils.py","59","_search_query_is_concrete"
"validation_utils.py","C:\Users\carmi\AI\services\aicarmine_broker\application\shared\validation_utils.py","65","_required_next_route_has_deterministic_proof"
"validation_utils.py","C:\Users\carmi\AI\services\aicarmine_broker\application\shared\validation_utils.py","71","_final_answer_declares_missing_coverage"
"validation_utils.py","C:\Users\carmi\AI\services\aicarmine_broker\application\shared\validation_utils.py","77","_coalesce_required_next_missing_paths"
"validation_utils.py","C:\Users\carmi\AI\services\aicarmine_broker\application\shared\validation_utils.py","83","_stale_required_next_repo_read_paths"
"validation_utils.py","C:\Users\carmi\AI\services\aicarmine_broker\application\shared\validation_utils.py","89","_successful_read_paths_for_final_route"
"validation_utils.py","C:\Users\carmi\AI\services\aicarmine_broker\application\shared\validation_utils.py","95","_path_allowed_by_missing_evidence"
"validation_utils.py","C:\Users\carmi\AI\services\aicarmine_broker\application\shared\validation_utils.py","101","_verified_required_next_missing_paths"
"validation_utils.py","C:\Users\carmi\AI\services\aicarmine_broker\application\shared\validation_utils.py","107","_required_next_tool_from_missing_evidences"
"validation_utils.py","C:\Users\carmi\AI\services\aicarmine_broker\application\shared\validation_utils.py","113","_coalesce_required_next_tool_tool"
"validation_utils.py","C:\Users\carmi\AI\services\aicarmine_broker\application\shared\validation_utils.py","119","_coerce_final_rewrite_latch"
"validation_utils.py","C:\Users\carmi\AI\services\aicarmine_broker\application\shared\validation_utils.py","125","_required_gap_paths_from_quality"
"validation_utils.py","C:\Users\carmi\AI\services\aicarmine_broker\application\shared\validation_utils.py","131","_apply_final_quality_route"
"validation_utils.py","C:\Users\carmi\AI\services\aicarmine_broker\application\shared\validation_utils.py","137","_apply_duplicate_repo_read_path_recovery_contract"
"action_proof_ledger.py","C:\Users\carmi\AI\services\aicarmine_broker\application\tool_surface\action_proof_ledger.py","11","stable_action_id"
"action_proof_ledger.py","C:\Users\carmi\AI\services\aicarmine_broker\application\tool_surface\action_proof_ledger.py","24","attach_action_proof"
"batch_contract.py","C:\Users\carmi\AI\services\aicarmine_broker\application\tool_surface\batch_contract.py","9","canonical_batch_value"
"batch_contract.py","C:\Users\carmi\AI\services\aicarmine_broker\application\tool_surface\batch_contract.py","46","canonical_batch_arguments"
"batch_contract.py","C:\Users\carmi\AI\services\aicarmine_broker\application\tool_surface\batch_contract.py","57","canonical_batch_args"
"batch_contract.py","C:\Users\carmi\AI\services\aicarmine_broker\application\tool_surface\batch_contract.py","66","canonical_batch_call_key"
"candidate_actions.py","C:\Users\carmi\AI\services\aicarmine_broker\application\tool_surface\candidate_actions.py","13","_stable_action_key"
"candidate_actions.py","C:\Users\carmi\AI\services\aicarmine_broker\application\tool_surface\candidate_actions.py","22","candidate_action_tool"
"candidate_actions.py","C:\Users\carmi\AI\services\aicarmine_broker\application\tool_surface\candidate_actions.py","28","candidate_action_args"
"candidate_actions.py","C:\Users\carmi\AI\services\aicarmine_broker\application\tool_surface\candidate_actions.py","35","candidate_action_is_build_state_write"
"candidate_actions.py","C:\Users\carmi\AI\services\aicarmine_broker\application\tool_surface\candidate_actions.py","42","candidate_action_is_build_state_read"
"candidate_actions.py","C:\Users\carmi\AI\services\aicarmine_broker\application\tool_surface\candidate_actions.py","50","dedupe_candidate_actions"
"candidate_actions.py","C:\Users\carmi\AI\services\aicarmine_broker\application\tool_surface\candidate_actions.py","66","candidate_actions_from_evidence"
"candidate_actions.py","C:\Users\carmi\AI\services\aicarmine_broker\application\tool_surface\candidate_actions.py","100","readable_repo_path"
"candidate_actions.py","C:\Users\carmi\AI\services\aicarmine_broker\application\tool_surface\candidate_actions.py","112","readable_repo_paths"
"candidate_actions.py","C:\Users\carmi\AI\services\aicarmine_broker\application\tool_surface\candidate_actions.py","122","add"
"candidate_actions.py","C:\Users\carmi\AI\services\aicarmine_broker\application\tool_surface\candidate_actions.py","141","add_core_list_candidates"
"candidate_actions.py","C:\Users\carmi\AI\services\aicarmine_broker\application\tool_surface\candidate_actions.py","312","final_composition_tool_names_from_candidates"
"candidate_actions.py","C:\Users\carmi\AI\services\aicarmine_broker\application\tool_surface\candidate_actions.py","325","required_next_tool_call_from_action"
"candidate_actions.py","C:\Users\carmi\AI\services\aicarmine_broker\application\tool_surface\candidate_actions.py","343","_readonly_batch_actions_from_continuation"
"candidate_actions.py","C:\Users\carmi\AI\services\aicarmine_broker\application\tool_surface\candidate_actions.py","396","_batch_action_key"
"candidate_actions.py","C:\Users\carmi\AI\services\aicarmine_broker\application\tool_surface\candidate_actions.py","400","enforce_required_scratchpad_read_continuation_contract"
"candidate_actions.py","C:\Users\carmi\AI\services\aicarmine_broker\application\tool_surface\candidate_actions.py","493","decision_matches_prompt_context_continuation"
"candidate_actions.py","C:\Users\carmi\AI\services\aicarmine_broker\application\tool_surface\candidate_actions.py","520","preserve_required_next_tool_call_for_prompt"
"candidate_actions.py","C:\Users\carmi\AI\services\aicarmine_broker\application\tool_surface\candidate_actions.py","617","_required_call_marked_satisfied"
"candidate_action_gate.py","C:\Users\carmi\AI\services\aicarmine_broker\application\tool_surface\candidate_action_gate.py","10","_proof"
"candidate_action_gate.py","C:\Users\carmi\AI\services\aicarmine_broker\application\tool_surface\candidate_action_gate.py","15","_has_path_contract"
"candidate_action_gate.py","C:\Users\carmi\AI\services\aicarmine_broker\application\tool_surface\candidate_action_gate.py","35","_requires_readable_evidence_path"
"candidate_action_gate.py","C:\Users\carmi\AI\services\aicarmine_broker\application\tool_surface\candidate_action_gate.py","46","_allows_missing_target_path"
"candidate_action_gate.py","C:\Users\carmi\AI\services\aicarmine_broker\application\tool_surface\candidate_action_gate.py","53","candidate_rejection_reason"
"candidate_action_gate.py","C:\Users\carmi\AI\services\aicarmine_broker\application\tool_surface\candidate_action_gate.py","74","gate_candidate_actions"
"dispatcher.py","C:\Users\carmi\AI\services\aicarmine_broker\application\tool_surface\dispatcher.py","70","execute"
"dispatcher.py","C:\Users\carmi\AI\services\aicarmine_broker\application\tool_surface\dispatcher.py","75","__init__"
"dispatcher.py","C:\Users\carmi\AI\services\aicarmine_broker\application\tool_surface\dispatcher.py","78","tool_names"
"dispatcher.py","C:\Users\carmi\AI\services\aicarmine_broker\application\tool_surface\dispatcher.py","81","dispatch"
"dispatcher.py","C:\Users\carmi\AI\services\aicarmine_broker\application\tool_surface\dispatcher.py","128","_simple"
"dispatcher.py","C:\Users\carmi\AI\services\aicarmine_broker\application\tool_surface\dispatcher.py","132","_command"
"dispatcher.py","C:\Users\carmi\AI\services\aicarmine_broker\application\tool_surface\dispatcher.py","143","build_default_dispatcher"
"manifest_builder.py","C:\Users\carmi\AI\services\aicarmine_broker\application\tool_surface\manifest_builder.py","11","json_char_len"
"manifest_builder.py","C:\Users\carmi\AI\services\aicarmine_broker\application\tool_surface\manifest_builder.py","16","compact_tool_manifest_for_prompt"
"manifest_builder.py","C:\Users\carmi\AI\services\aicarmine_broker\application\tool_surface\manifest_builder.py","62","tool_schema_name"
"manifest_builder.py","C:\Users\carmi\AI\services\aicarmine_broker\application\tool_surface\manifest_builder.py","67","filter_tool_manifest_for_names"
"manifest_builder.py","C:\Users\carmi\AI\services\aicarmine_broker\application\tool_surface\manifest_builder.py","81","native_tools_schema_for_planner"
"required_tool_call.py","C:\Users\carmi\AI\services\aicarmine_broker\application\tool_surface\required_tool_call.py","45","canonical_required_tool_call_key"
"required_tool_call.py","C:\Users\carmi\AI\services\aicarmine_broker\application\tool_surface\required_tool_call.py","65","_history_tool_result"
"required_tool_call.py","C:\Users\carmi\AI\services\aicarmine_broker\application\tool_surface\required_tool_call.py","72","_history_decision_args"
"required_tool_call.py","C:\Users\carmi\AI\services\aicarmine_broker\application\tool_surface\required_tool_call.py","81","_semantic_discovery_args"
"required_tool_call.py","C:\Users\carmi\AI\services\aicarmine_broker\application\tool_surface\required_tool_call.py","104","_successful_identical_tool_call"
"required_tool_call.py","C:\Users\carmi\AI\services\aicarmine_broker\application\tool_surface\required_tool_call.py","121","_successful_tool_call_satisfies_required_args"
"required_tool_call.py","C:\Users\carmi\AI\services\aicarmine_broker\application\tool_surface\required_tool_call.py","156","required_next_tool_call_satisfaction"
"required_tool_call.py","C:\Users\carmi\AI\services\aicarmine_broker\application\tool_surface\required_tool_call.py","310","append_stale_required_call_marker"
"result_compaction.py","C:\Users\carmi\AI\services\aicarmine_broker\application\tool_surface\result_compaction.py","13","_keep_value"
"result_compaction.py","C:\Users\carmi\AI\services\aicarmine_broker\application\tool_surface\result_compaction.py","20","compact_list_preview"
"result_compaction.py","C:\Users\carmi\AI\services\aicarmine_broker\application\tool_surface\result_compaction.py","26","python_static_evidence"
"result_compaction.py","C:\Users\carmi\AI\services\aicarmine_broker\application\tool_surface\result_compaction.py","88","summary_from_result"
"result_compaction.py","C:\Users\carmi\AI\services\aicarmine_broker\application\tool_surface\result_compaction.py","137","compact_tool_result_for_planner"
"result_digest.py","C:\Users\carmi\AI\services\aicarmine_broker\application\tool_surface\result_digest.py","11","_keep_value"
"result_digest.py","C:\Users\carmi\AI\services\aicarmine_broker\application\tool_surface\result_digest.py","18","planner_last_result_digest"
"turn_surface_policy.py","C:\Users\carmi\AI\services\aicarmine_broker\application\tool_surface\turn_surface_policy.py","70","__init__"
"turn_surface_policy.py","C:\Users\carmi\AI\services\aicarmine_broker\application\tool_surface\turn_surface_policy.py","73","tools_for_turn"
"turn_surface_policy.py","C:\Users\carmi\AI\services\aicarmine_broker\application\tool_surface\turn_surface_policy.py","140","apply"
"turn_surface_policy.py","C:\Users\carmi\AI\services\aicarmine_broker\application\tool_surface\turn_surface_policy.py","648","_candidate_tool_names"
"turn_surface_policy.py","C:\Users\carmi\AI\services\aicarmine_broker\application\tool_surface\turn_surface_policy.py","659","_contract_final_required_now"
"turn_surface_policy.py","C:\Users\carmi\AI\services\aicarmine_broker\application\tool_surface\turn_surface_policy.py","690","_contract_coverage_required"
"turn_surface_policy.py","C:\Users\carmi\AI\services\aicarmine_broker\application\tool_surface\turn_surface_policy.py","702","_contract_coverage_satisfied"
"turn_surface_policy.py","C:\Users\carmi\AI\services\aicarmine_broker\application\tool_surface\turn_surface_policy.py","714","_intrinsic_context_declares_selective_memory_gap"
"turn_surface_policy.py","C:\Users\carmi\AI\services\aicarmine_broker\application\tool_surface\turn_surface_policy.py","725","_ordered"
"turn_surface_policy.py","C:\Users\carmi\AI\services\aicarmine_broker\application\tool_surface\turn_surface_policy.py","732","_continuation_tool_only"
"turn_surface_policy.py","C:\Users\carmi\AI\services\aicarmine_broker\application\tool_surface\turn_surface_policy.py","742","_required_next_tool_call_tool"
"turn_surface_policy.py","C:\Users\carmi\AI\services\aicarmine_broker\application\tool_surface\turn_surface_policy.py","747","_final_rewrite_latch"
"turn_surface_policy.py","C:\Users\carmi\AI\services\aicarmine_broker\application\tool_surface\turn_surface_policy.py","754","_rewrite_latch_tools"
"turn_surface_policy.py","C:\Users\carmi\AI\services\aicarmine_broker\application\tool_surface\turn_surface_policy.py","773","_policy_declared_tools"
"turn_surface_policy.py","C:\Users\carmi\AI\services\aicarmine_broker\application\tool_surface\turn_surface_policy.py","793","_terminal_policy_locks_surface"
"turn_surface_policy.py","C:\Users\carmi\AI\services\aicarmine_broker\application\tool_surface\turn_surface_policy.py","804","_base_tools_for_goal_class"
"turn_surface_policy.py","C:\Users\carmi\AI\services\aicarmine_broker\application\tool_surface\turn_surface_policy.py","826","_add_keyword_tools"
"turn_surface_policy.py","C:\Users\carmi\AI\services\aicarmine_broker\application\tool_surface\turn_surface_policy.py","837","_add_candidate_tools"
"turn_surface_policy.py","C:\Users\carmi\AI\services\aicarmine_broker\application\tool_surface\turn_surface_policy.py","845","_add_explicit_request_tool"
"turn_surface_policy.py","C:\Users\carmi\AI\services\aicarmine_broker\application\tool_surface\turn_surface_policy.py","855","_required_call_is_marked_satisfied"
"turn_surface_policy.py","C:\Users\carmi\AI\services\aicarmine_broker\application\tool_surface\turn_surface_policy.py","884","_required_call_is_deterministically_validated"
"turn_surface_policy.py","C:\Users\carmi\AI\services\aicarmine_broker\application\tool_surface\turn_surface_policy.py","897","_set_actions"
"turn_surface_policy.py","C:\Users\carmi\AI\services\aicarmine_broker\application\tool_surface\turn_surface_policy.py","923","_set_surface_only"
"turn_surface_policy.py","C:\Users\carmi\AI\services\aicarmine_broker\application\tool_surface\turn_surface_policy.py","999","_add_allowed_tools"
"turn_surface_policy.py","C:\Users\carmi\AI\services\aicarmine_broker\application\tool_surface\turn_surface_policy.py","1019","candidate_tool_names"
"turn_surface_policy.py","C:\Users\carmi\AI\services\aicarmine_broker\application\tool_surface\turn_surface_policy.py","1023","contract_final_required_now"
"turn_surface_policy.py","C:\Users\carmi\AI\services\aicarmine_broker\application\tool_surface\turn_surface_policy.py","1027","intrinsic_context_declares_selective_memory_gap"
"turn_surface_policy.py","C:\Users\carmi\AI\services\aicarmine_broker\application\tool_surface\turn_surface_policy.py","1031","tool_surface_names_for_turn"
"turn_surface_policy.py","C:\Users\carmi\AI\services\aicarmine_broker\application\tool_surface\turn_surface_policy.py","1047","apply_turn_surface_policy"
"__init__.py","C:\Users\carmi\AI\services\aicarmine_broker\application\tool_surface\__init__.py","31","__getattr__"
"compatibility.py","C:\Users\carmi\AI\services\aicarmine_broker\config\compatibility.py","230","internal_tools_list"
"compatibility.py","C:\Users\carmi\AI\services\aicarmine_broker\config\compatibility.py","237","internal_tool_prompt"
"compatibility.py","C:\Users\carmi\AI\services\aicarmine_broker\config\compatibility.py","245","ollama_options"
"entry_points_config.py","C:\Users\carmi\AI\services\aicarmine_broker\config\entry_points_config.py","17","min_chars_reduced"
"env_loader.py","C:\Users\carmi\AI\services\aicarmine_broker\config\env_loader.py","16","_env"
"env_loader.py","C:\Users\carmi\AI\services\aicarmine_broker\config\env_loader.py","20","_safe_preview"
"env_loader.py","C:\Users\carmi\AI\services\aicarmine_broker\config\env_loader.py","28","env_error_context"
"env_loader.py","C:\Users\carmi\AI\services\aicarmine_broker\config\env_loader.py","47","_format_env_error"
"env_loader.py","C:\Users\carmi\AI\services\aicarmine_broker\config\env_loader.py","56","_env_text"
"env_loader.py","C:\Users\carmi\AI\services\aicarmine_broker\config\env_loader.py","64","parse_bool"
"env_loader.py","C:\Users\carmi\AI\services\aicarmine_broker\config\env_loader.py","89","env_str"
"env_loader.py","C:\Users\carmi\AI\services\aicarmine_broker\config\env_loader.py","94","env_first"
"env_loader.py","C:\Users\carmi\AI\services\aicarmine_broker\config\env_loader.py","111","env_bool"
"env_loader.py","C:\Users\carmi\AI\services\aicarmine_broker\config\env_loader.py","131","_parse_int_env"
"env_loader.py","C:\Users\carmi\AI\services\aicarmine_broker\config\env_loader.py","139","env_int"
"env_loader.py","C:\Users\carmi\AI\services\aicarmine_broker\config\env_loader.py","149","env_int_any"
"env_loader.py","C:\Users\carmi\AI\services\aicarmine_broker\config\env_loader.py","165","env_float"
"models.py","C:\Users\carmi\AI\services\aicarmine_broker\config\models.py","79","_normalized_lane_mode"
"models.py","C:\Users\carmi\AI\services\aicarmine_broker\config\models.py","96","_resolved_path"
"models.py","C:\Users\carmi\AI\services\aicarmine_broker\config\models.py","118","_default_prompt_char_budget"
"models.py","C:\Users\carmi\AI\services\aicarmine_broker\config\models.py","127","load_broker_config_from_env"
"command_runner.py","C:\Users\carmi\AI\services\aicarmine_broker\contracts\command_runner.py","17","run"
"dispatcher.py","C:\Users\carmi\AI\services\aicarmine_broker\contracts\dispatcher.py","11","dispatch"
"job_repository.py","C:\Users\carmi\AI\services\aicarmine_broker\contracts\job_repository.py","11","load"
"job_repository.py","C:\Users\carmi\AI\services\aicarmine_broker\contracts\job_repository.py","14","append_event"
"job_repository.py","C:\Users\carmi\AI\services\aicarmine_broker\contracts\job_repository.py","22","finalize"
"planner_client.py","C:\Users\carmi\AI\services\aicarmine_broker\contracts\planner_client.py","9","plan"
"prompt_store.py","C:\Users\carmi\AI\services\aicarmine_broker\contracts\prompt_store.py","11","write_document"
"prompt_store.py","C:\Users\carmi\AI\services\aicarmine_broker\contracts\prompt_store.py","13","read_window"
"repo_filesystem.py","C:\Users\carmi\AI\services\aicarmine_broker\contracts\repo_filesystem.py","11","root"
"repo_filesystem.py","C:\Users\carmi\AI\services\aicarmine_broker\contracts\repo_filesystem.py","14","exists"
"repo_filesystem.py","C:\Users\carmi\AI\services\aicarmine_broker\contracts\repo_filesystem.py","17","read_text"
"repo_filesystem.py","C:\Users\carmi\AI\services\aicarmine_broker\contracts\repo_filesystem.py","20","list_files"
"tool.py","C:\Users\carmi\AI\services\aicarmine_broker\contracts\tool.py","14","schema"
"tool.py","C:\Users\carmi\AI\services\aicarmine_broker\contracts\tool.py","17","execute"
"validator.py","C:\Users\carmi\AI\services\aicarmine_broker\contracts\validator.py","11","validate"
"models.py","C:\Users\carmi\AI\services\aicarmine_broker\domain\models.py","24","_missing_text"
"models.py","C:\Users\carmi\AI\services\aicarmine_broker\domain\models.py","31","_diagnostic_int"
"models.py","C:\Users\carmi\AI\services\aicarmine_broker\domain\models.py","40","mapping_field_diagnostics"
"models.py","C:\Users\carmi\AI\services\aicarmine_broker\domain\models.py","64","validation_diagnostics"
"models.py","C:\Users\carmi\AI\services\aicarmine_broker\domain\models.py","148","has_tracking_metadata"
"command_runner.py","C:\Users\carmi\AI\services\aicarmine_broker\infrastructure\command_runner.py","14","_command_preview"
"command_runner.py","C:\Users\carmi\AI\services\aicarmine_broker\infrastructure\command_runner.py","26","run"
"executable_resolver.py","C:\Users\carmi\AI\services\aicarmine_broker\infrastructure\executable_resolver.py","13","_preview"
"executable_resolver.py","C:\Users\carmi\AI\services\aicarmine_broker\infrastructure\executable_resolver.py","23","__init__"
"executable_resolver.py","C:\Users\carmi\AI\services\aicarmine_broker\infrastructure\executable_resolver.py","35","active_venv_script"
"executable_resolver.py","C:\Users\carmi\AI\services\aicarmine_broker\infrastructure\executable_resolver.py","43","resolve"
"filesystem_repo.py","C:\Users\carmi\AI\services\aicarmine_broker\infrastructure\filesystem_repo.py","10","_preview"
"filesystem_repo.py","C:\Users\carmi\AI\services\aicarmine_broker\infrastructure\filesystem_repo.py","17","safe_rel_path"
"filesystem_repo.py","C:\Users\carmi\AI\services\aicarmine_broker\infrastructure\filesystem_repo.py","29","repo_rel"
"filesystem_repo.py","C:\Users\carmi\AI\services\aicarmine_broker\infrastructure\filesystem_repo.py","39","__init__"
"filesystem_repo.py","C:\Users\carmi\AI\services\aicarmine_broker\infrastructure\filesystem_repo.py","48","root"
"filesystem_repo.py","C:\Users\carmi\AI\services\aicarmine_broker\infrastructure\filesystem_repo.py","51","resolve"
"filesystem_repo.py","C:\Users\carmi\AI\services\aicarmine_broker\infrastructure\filesystem_repo.py","65","exists"
"filesystem_repo.py","C:\Users\carmi\AI\services\aicarmine_broker\infrastructure\filesystem_repo.py","78","read_text"
"filesystem_repo.py","C:\Users\carmi\AI\services\aicarmine_broker\infrastructure\filesystem_repo.py","98","list_files"
"job_sqlite_store.py","C:\Users\carmi\AI\services\aicarmine_broker\infrastructure\job_sqlite_store.py","15","_error_preview"
"job_sqlite_store.py","C:\Users\carmi\AI\services\aicarmine_broker\infrastructure\job_sqlite_store.py","19","_payload_json"
"job_sqlite_store.py","C:\Users\carmi\AI\services\aicarmine_broker\infrastructure\job_sqlite_store.py","37","__init__"
"job_sqlite_store.py","C:\Users\carmi\AI\services\aicarmine_broker\infrastructure\job_sqlite_store.py","41","init"
"job_sqlite_store.py","C:\Users\carmi\AI\services\aicarmine_broker\infrastructure\job_sqlite_store.py","84","upsert_job_state"
"job_sqlite_store.py","C:\Users\carmi\AI\services\aicarmine_broker\infrastructure\job_sqlite_store.py","121","list_jobs"
"job_sqlite_store.py","C:\Users\carmi\AI\services\aicarmine_broker\infrastructure\job_sqlite_store.py","144","append_event"
"job_store_repository.py","C:\Users\carmi\AI\services\aicarmine_broker\infrastructure\job_store_repository.py","14","_mapping_payload"
"job_store_repository.py","C:\Users\carmi\AI\services\aicarmine_broker\infrastructure\job_store_repository.py","37","load"
"job_store_repository.py","C:\Users\carmi\AI\services\aicarmine_broker\infrastructure\job_store_repository.py","62","append_event"
"job_store_repository.py","C:\Users\carmi\AI\services\aicarmine_broker\infrastructure\job_store_repository.py","89","finalize"
"json_files.py","C:\Users\carmi\AI\services\aicarmine_broker\infrastructure\json_files.py","15","_preview"
"json_files.py","C:\Users\carmi\AI\services\aicarmine_broker\infrastructure\json_files.py","25","__init__"
"json_files.py","C:\Users\carmi\AI\services\aicarmine_broker\infrastructure\json_files.py","34","read"
"json_files.py","C:\Users\carmi\AI\services\aicarmine_broker\infrastructure\json_files.py","59","write"
"json_files.py","C:\Users\carmi\AI\services\aicarmine_broker\infrastructure\json_files.py","118","same_tool_artifact_payload"
"ollama_planner_client.py","C:\Users\carmi\AI\services\aicarmine_broker\infrastructure\ollama_planner_client.py","10","post_json"
"ollama_planner_client.py","C:\Users\carmi\AI\services\aicarmine_broker\infrastructure\ollama_planner_client.py","23","__init__"
"ollama_planner_client.py","C:\Users\carmi\AI\services\aicarmine_broker\infrastructure\ollama_planner_client.py","31","complete"
"result_compaction.py","C:\Users\carmi\AI\services\aicarmine_broker\infrastructure\result_compaction.py","14","_preview"
"result_compaction.py","C:\Users\carmi\AI\services\aicarmine_broker\infrastructure\result_compaction.py","21","_diagnostic_text"
"result_compaction.py","C:\Users\carmi\AI\services\aicarmine_broker\infrastructure\result_compaction.py","33","_clip"
"result_compaction.py","C:\Users\carmi\AI\services\aicarmine_broker\infrastructure\result_compaction.py","46","compact"
"time_provider.py","C:\Users\carmi\AI\services\aicarmine_broker\infrastructure\time_provider.py","13","time"
"time_provider.py","C:\Users\carmi\AI\services\aicarmine_broker\infrastructure\time_provider.py","20","now_seconds"
"cache.py","C:\Users\carmi\AI\services\aicarmine_broker\planner_core\cache.py","20","_decision_paths"
"cache.py","C:\Users\carmi\AI\services\aicarmine_broker\planner_core\cache.py","40","_decision_raw_planner_text"
"cache.py","C:\Users\carmi\AI\services\aicarmine_broker\planner_core\cache.py","94","_read_only_tool_cacheable"
"cache.py","C:\Users\carmi\AI\services\aicarmine_broker\planner_core\cache.py","98","_cache_normalized_value"
"cache.py","C:\Users\carmi\AI\services\aicarmine_broker\planner_core\cache.py","113","_cache_normalized_path"
"cache.py","C:\Users\carmi\AI\services\aicarmine_broker\planner_core\cache.py","117","_cache_int"
"cache.py","C:\Users\carmi\AI\services\aicarmine_broker\planner_core\cache.py","124","_cache_effective_args"
"cache.py","C:\Users\carmi\AI\services\aicarmine_broker\planner_core\cache.py","258","_tool_cache_key"
"cache.py","C:\Users\carmi\AI\services\aicarmine_broker\planner_core\cache.py","271","_tool_cache_hit"
"cache.py","C:\Users\carmi\AI\services\aicarmine_broker\planner_core\cache.py","322","_repo_read_result_covers_paths"
"cache.py","C:\Users\carmi\AI\services\aicarmine_broker\planner_core\cache.py","344","_cached_tool_result"
"cache.py","C:\Users\carmi\AI\services\aicarmine_broker\planner_core\cache.py","354","_tool_cache_hit_for_decision"
"cache.py","C:\Users\carmi\AI\services\aicarmine_broker\planner_core\cache.py","385","repeated_tool_call_count"
"cache.py","C:\Users\carmi\AI\services\aicarmine_broker\planner_core\cache.py","421","_repair_cache_key"
"cache.py","C:\Users\carmi\AI\services\aicarmine_broker\planner_core\cache.py","428","_cached_vulkan_repair_result"
"json_io.py","C:\Users\carmi\AI\services\aicarmine_broker\planner_core\json_io.py","27","post_json"
"json_io.py","C:\Users\carmi\AI\services\aicarmine_broker\planner_core\json_io.py","83","_planner_stream_block_response"
"json_io.py","C:\Users\carmi\AI\services\aicarmine_broker\planner_core\json_io.py","98","_planner_stream_repetition_reason"
"json_io.py","C:\Users\carmi\AI\services\aicarmine_broker\planner_core\json_io.py","215","_planner_stream_repeated_path_segment_reason"
"json_io.py","C:\Users\carmi\AI\services\aicarmine_broker\planner_core\json_io.py","258","post_json_stream_to_file"
"json_io.py","C:\Users\carmi\AI\services\aicarmine_broker\planner_core\json_io.py","306","open_response"
"json_io.py","C:\Users\carmi\AI\services\aicarmine_broker\planner_core\json_io.py","587","parse_strict_json_object_diagnostics"
"json_io.py","C:\Users\carmi\AI\services\aicarmine_broker\planner_core\json_io.py","643","_parse_strict_json_object"
"rag_cache_manager.py","C:\Users\carmi\AI\services\aicarmine_broker\planner_core\rag_cache_manager.py","21","_goal_hash"
"rag_cache_manager.py","C:\Users\carmi\AI\services\aicarmine_broker\planner_core\rag_cache_manager.py","28","_load_cache"
"rag_cache_manager.py","C:\Users\carmi\AI\services\aicarmine_broker\planner_core\rag_cache_manager.py","39","_save_cache"
"rag_cache_manager.py","C:\Users\carmi\AI\services\aicarmine_broker\planner_core\rag_cache_manager.py","49","get_cached_rag_result"
"rag_cache_manager.py","C:\Users\carmi\AI\services\aicarmine_broker\planner_core\rag_cache_manager.py","82","invalidate_rag_cache"
"rag_cache_manager.py","C:\Users\carmi\AI\services\aicarmine_broker\planner_core\rag_cache_manager.py","90","clear_rag_cache"
"rag_cache_manager.py","C:\Users\carmi\AI\services\aicarmine_broker\planner_core\rag_cache_manager.py","96","build_planner_intrinsic_context_with_cache"
"command_safety.py","C:\Users\carmi\AI\services\aicarmine_broker\tools\command_safety.py","61","_matches"
"command_safety.py","C:\Users\carmi\AI\services\aicarmine_broker\tools\command_safety.py","69","classify_command"
"command_safety.py","C:\Users\carmi\AI\services\aicarmine_broker\tools\command_safety.py","85","dangerous_command"
"deterministic_common.py","C:\Users\carmi\AI\services\aicarmine_broker\tools\deterministic_common.py","23","__init__"
"deterministic_common.py","C:\Users\carmi\AI\services\aicarmine_broker\tools\deterministic_common.py","39","payload"
"deterministic_common.py","C:\Users\carmi\AI\services\aicarmine_broker\tools\deterministic_common.py","52","active_venv_script"
"deterministic_common.py","C:\Users\carmi\AI\services\aicarmine_broker\tools\deterministic_common.py","57","winget_package_executable"
"deterministic_common.py","C:\Users\carmi\AI\services\aicarmine_broker\tools\deterministic_common.py","102","resolve_deterministic_executable"
"deterministic_common.py","C:\Users\carmi\AI\services\aicarmine_broker\tools\deterministic_common.py","115","deterministic_tool_missing"
"deterministic_common.py","C:\Users\carmi\AI\services\aicarmine_broker\tools\deterministic_common.py","124","deterministic_input_error"
"deterministic_common.py","C:\Users\carmi\AI\services\aicarmine_broker\tools\deterministic_common.py","134","bounded_int_arg"
"deterministic_common.py","C:\Users\carmi\AI\services\aicarmine_broker\tools\deterministic_common.py","163","bounded_text"
"deterministic_common.py","C:\Users\carmi\AI\services\aicarmine_broker\tools\deterministic_common.py","168","subprocess_text"
"deterministic_common.py","C:\Users\carmi\AI\services\aicarmine_broker\tools\deterministic_common.py","174","run_argv"
"deterministic_common.py","C:\Users\carmi\AI\services\aicarmine_broker\tools\deterministic_common.py","245","repo_existing_path"
"deterministic_common.py","C:\Users\carmi\AI\services\aicarmine_broker\tools\deterministic_common.py","266","repo_existing_paths"
"deterministic_common.py","C:\Users\carmi\AI\services\aicarmine_broker\tools\deterministic_common.py","284","parse_json_output"
"deterministic_common.py","C:\Users\carmi\AI\services\aicarmine_broker\tools\deterministic_common.py","303","write_tool_artifact"
"deterministic_common.py","C:\Users\carmi\AI\services\aicarmine_broker\tools\deterministic_common.py","309","tool_ok_returncode"
"git_surface.py","C:\Users\carmi\AI\services\aicarmine_broker\tools\git_surface.py","9","git_candidate_files"
"powershell_runner.py","C:\Users\carmi\AI\services\aicarmine_broker\tools\powershell_runner.py","9","run_ps"
"repo_code_product.py","C:\Users\carmi\AI\services\aicarmine_broker\tools\repo_code_product.py","10","repo_propose_unified_diff"
"repo_code_product.py","C:\Users\carmi\AI\services\aicarmine_broker\tools\repo_code_product.py","67","repo_propose_code_edit"
"repo_command.py","C:\Users\carmi\AI\services\aicarmine_broker\tools\repo_command.py","19","_repo_bounded_int_arg"
"repo_command.py","C:\Users\carmi\AI\services\aicarmine_broker\tools\repo_command.py","37","_repo_relative_existing_path"
"repo_command.py","C:\Users\carmi\AI\services\aicarmine_broker\tools\repo_command.py","50","_repo_relative_compile_target"
"repo_command.py","C:\Users\carmi\AI\services\aicarmine_broker\tools\repo_command.py","65","_split_targets"
"repo_command.py","C:\Users\carmi\AI\services\aicarmine_broker\tools\repo_command.py","74","_history_compile_paths"
"repo_command.py","C:\Users\carmi\AI\services\aicarmine_broker\tools\repo_command.py","77","collect"
"repo_command.py","C:\Users\carmi\AI\services\aicarmine_broker\tools\repo_command.py","92","_pyproject_compile_targets"
"repo_command.py","C:\Users\carmi\AI\services\aicarmine_broker\tools\repo_command.py","95","add_existing_package"
"repo_command.py","C:\Users\carmi\AI\services\aicarmine_broker\tools\repo_command.py","154","resolve_compile_targets"
"repo_command.py","C:\Users\carmi\AI\services\aicarmine_broker\tools\repo_command.py","243","_compile_command_for_targets"
"repo_command.py","C:\Users\carmi\AI\services\aicarmine_broker\tools\repo_command.py","251","_has_explicit_consent"
"repo_command.py","C:\Users\carmi\AI\services\aicarmine_broker\tools\repo_command.py","256","repo_command"
"repo_deterministic.py","C:\Users\carmi\AI\services\aicarmine_broker\tools\repo_deterministic.py","27","repo_fd_files"
"repo_deterministic.py","C:\Users\carmi\AI\services\aicarmine_broker\tools\repo_deterministic.py","84","repo_rg_search"
"repo_deterministic.py","C:\Users\carmi\AI\services\aicarmine_broker\tools\repo_deterministic.py","160","repo_jq_query"
"repo_deterministic.py","C:\Users\carmi\AI\services\aicarmine_broker\tools\repo_deterministic.py","202","repo_ast_grep_search"
"repo_deterministic.py","C:\Users\carmi\AI\services\aicarmine_broker\tools\repo_deterministic.py","250","repo_ast_grep_dry_run"
"repo_deterministic.py","C:\Users\carmi\AI\services\aicarmine_broker\tools\repo_deterministic.py","261","repo_tree_sitter_parse"
"repo_deterministic.py","C:\Users\carmi\AI\services\aicarmine_broker\tools\repo_deterministic.py","292","walk"
"repo_deterministic.py","C:\Users\carmi\AI\services\aicarmine_broker\tools\repo_deterministic.py","326","repo_unidiff_validate"
"repo_deterministic.py","C:\Users\carmi\AI\services\aicarmine_broker\tools\repo_deterministic.py","372","repo_git_apply_check"
"repo_deterministic.py","C:\Users\carmi\AI\services\aicarmine_broker\tools\repo_deterministic.py","410","repo_ruff_check"
"repo_deterministic.py","C:\Users\carmi\AI\services\aicarmine_broker\tools\repo_deterministic.py","440","repo_pyright_check"
"repo_deterministic.py","C:\Users\carmi\AI\services\aicarmine_broker\tools\repo_deterministic.py","466","repo_pytest_run"
"repo_deterministic.py","C:\Users\carmi\AI\services\aicarmine_broker\tools\repo_deterministic.py","497","repo_shellcheck"
"repo_deterministic.py","C:\Users\carmi\AI\services\aicarmine_broker\tools\repo_deterministic.py","527","repo_ctags_symbols"
"repo_deterministic.py","C:\Users\carmi\AI\services\aicarmine_broker\tools\repo_deterministic.py","567","repo_semgrep_scan"
"repo_deterministic.py","C:\Users\carmi\AI\services\aicarmine_broker\tools\repo_deterministic.py","609","repo_hyperfine_benchmark"
"repo_list_files.py","C:\Users\carmi\AI\services\aicarmine_broker\tools\repo_list_files.py","30","repo_list_files"
"repo_list_files.py","C:\Users\carmi\AI\services\aicarmine_broker\tools\repo_list_files.py","65","_accept"
"repo_patch.py","C:\Users\carmi\AI\services\aicarmine_broker\tools\repo_patch.py","18","_newline_policy_bytes"
"repo_patch.py","C:\Users\carmi\AI\services\aicarmine_broker\tools\repo_patch.py","38","_apply_newline_policy_bytes"
"repo_patch.py","C:\Users\carmi\AI\services\aicarmine_broker\tools\repo_patch.py","49","_rollback_change_set_files"
"repo_patch.py","C:\Users\carmi\AI\services\aicarmine_broker\tools\repo_patch.py","60","repo_apply_patch"
"repo_patch.py","C:\Users\carmi\AI\services\aicarmine_broker\tools\repo_patch.py","160","repo_apply_unified_diff"
"repo_patch.py","C:\Users\carmi\AI\services\aicarmine_broker\tools\repo_patch.py","391","repo_write_file"
"repo_read.py","C:\Users\carmi\AI\services\aicarmine_broker\tools\repo_read.py","12","_read_paths_from_items"
"repo_read.py","C:\Users\carmi\AI\services\aicarmine_broker\tools\repo_read.py","33","repo_read"
"repo_search.py","C:\Users\carmi\AI\services\aicarmine_broker\tools\repo_search.py","16","repo_search"
"repo_semantic_search.py","C:\Users\carmi\AI\services\aicarmine_broker\tools\repo_semantic_search.py","35","_bool_arg"
"repo_semantic_search.py","C:\Users\carmi\AI\services\aicarmine_broker\tools\repo_semantic_search.py","44","_float_arg"
"repo_semantic_search.py","C:\Users\carmi\AI\services\aicarmine_broker\tools\repo_semantic_search.py","55","_repo_token"
"repo_semantic_search.py","C:\Users\carmi\AI\services\aicarmine_broker\tools\repo_semantic_search.py","59","_under_scope"
"repo_semantic_search.py","C:\Users\carmi\AI\services\aicarmine_broker\tools\repo_semantic_search.py","67","_write_result"
"repo_semantic_search.py","C:\Users\carmi\AI\services\aicarmine_broker\tools\repo_semantic_search.py","73","_build_delta_index"
"repo_semantic_search.py","C:\Users\carmi\AI\services\aicarmine_broker\tools\repo_semantic_search.py","104","_http_json"
"repo_semantic_search.py","C:\Users\carmi\AI\services\aicarmine_broker\tools\repo_semantic_search.py","118","_parse_rerank_results"
"repo_semantic_search.py","C:\Users\carmi\AI\services\aicarmine_broker\tools\repo_semantic_search.py","143","_rerank_matches"
"repo_semantic_search.py","C:\Users\carmi\AI\services\aicarmine_broker\tools\repo_semantic_search.py","212","_query_rag_db"
"repo_semantic_search.py","C:\Users\carmi\AI\services\aicarmine_broker\tools\repo_semantic_search.py","331","repo_semantic_search"
"repo_status.py","C:\Users\carmi\AI\services\aicarmine_broker\tools\repo_status.py","18","detect_stack"
"repo_status.py","C:\Users\carmi\AI\services\aicarmine_broker\tools\repo_status.py","61","repo_capabilities"
"repo_status.py","C:\Users\carmi\AI\services\aicarmine_broker\tools\repo_status.py","157","repo_status"
"repo_tree.py","C:\Users\carmi\AI\services\aicarmine_broker\tools\repo_tree.py","14","repo_tree"
"repo_validate.py","C:\Users\carmi\AI\services\aicarmine_broker\tools\repo_validate.py","20","repo_validate"
"terminal.py","C:\Users\carmi\AI\services\aicarmine_broker\tools\terminal.py","20","_terminal_input_error"
"terminal.py","C:\Users\carmi\AI\services\aicarmine_broker\tools\terminal.py","30","_bounded_int_arg"
"terminal.py","C:\Users\carmi\AI\services\aicarmine_broker\tools\terminal.py","48","strip_terminal_ansi"
"terminal.py","C:\Users\carmi\AI\services\aicarmine_broker\tools\terminal.py","52","_terminal_user_home"
"terminal.py","C:\Users\carmi\AI\services\aicarmine_broker\tools\terminal.py","56","terminal_preferred_cwd"
"terminal.py","C:\Users\carmi\AI\services\aicarmine_broker\tools\terminal.py","76","normalize_terminal_path"
"terminal.py","C:\Users\carmi\AI\services\aicarmine_broker\tools\terminal.py","80","normalize_terminal_path_details"
"terminal.py","C:\Users\carmi\AI\services\aicarmine_broker\tools\terminal.py","118","terminal_environment_contract"
"terminal.py","C:\Users\carmi\AI\services\aicarmine_broker\tools\terminal.py","151","_terminal_command_repair"
"terminal.py","C:\Users\carmi\AI\services\aicarmine_broker\tools\terminal.py","200","_terminal_powershell_body"
"terminal.py","C:\Users\carmi\AI\services\aicarmine_broker\tools\terminal.py","213","_run_powershell_body"
"terminal.py","C:\Users\carmi\AI\services\aicarmine_broker\tools\terminal.py","232","terminal_list_files"
"terminal.py","C:\Users\carmi\AI\services\aicarmine_broker\tools\terminal.py","294","terminal_search_files"
"terminal.py","C:\Users\carmi\AI\services\aicarmine_broker\tools\terminal.py","329","add_match"
"terminal.py","C:\Users\carmi\AI\services\aicarmine_broker\tools\terminal.py","391","terminal_run_command_wait"
"app.py","C:\Users\carmi\AI\services\vulkan_bridge\app.py","73","_broker_capability_map"
"app.py","C:\Users\carmi\AI\services\vulkan_bridge\app.py","84","_int_env"
"app.py","C:\Users\carmi\AI\services\vulkan_bridge\app.py","88","_bool_env"
"app.py","C:\Users\carmi\AI\services\vulkan_bridge\app.py","210","_public_agent_arguments"
"app.py","C:\Users\carmi\AI\services\vulkan_bridge\app.py","214","_payload_to_dict"
"app.py","C:\Users\carmi\AI\services\vulkan_bridge\app.py","218","_first_text"
"app.py","C:\Users\carmi\AI\services\vulkan_bridge\app.py","222","_first_dict"
"app.py","C:\Users\carmi\AI\services\vulkan_bridge\app.py","226","_compact_text"
"app.py","C:\Users\carmi\AI\services\vulkan_bridge\app.py","230","_json_size"
"app.py","C:\Users\carmi\AI\services\vulkan_bridge\app.py","234","_bridge_result_digest"
"app.py","C:\Users\carmi\AI\services\vulkan_bridge\app.py","238","_public_payload_lint_mode"
"app.py","C:\Users\carmi\AI\services\vulkan_bridge\app.py","242","_attach_public_payload_lint"
"app.py","C:\Users\carmi\AI\services\vulkan_bridge\app.py","328","_legacy_compact_for_openwebui"
"app.py","C:\Users\carmi\AI\services\vulkan_bridge\app.py","369","_effective_wait_seconds"
"app.py","C:\Users\carmi\AI\services\vulkan_bridge\app.py","383","_normalized_ollama_model_name"
"app.py","C:\Users\carmi\AI\services\vulkan_bridge\app.py","390","_final_unload_required_by_models"
"app.py","C:\Users\carmi\AI\services\vulkan_bridge\app.py","396","_final_handoff_timeout_budget_seconds"
"app.py","C:\Users\carmi\AI\services\vulkan_bridge\app.py","405","_required_bridge_timeout_seconds"
"app.py","C:\Users\carmi\AI\services\vulkan_bridge\app.py","412","_timeout_from"
"app.py","C:\Users\carmi\AI\services\vulkan_bridge\app.py","425","_semantic_request_from_tool_envelope"
"app.py","C:\Users\carmi\AI\services\vulkan_bridge\app.py","463","_openwebui_upload_reference_text"
"app.py","C:\Users\carmi\AI\services\vulkan_bridge\app.py","488","_is_openwebui_upload_reference"
"app.py","C:\Users\carmi\AI\services\vulkan_bridge\app.py","495","_openwebui_payload_cache_file"
"app.py","C:\Users\carmi\AI\services\vulkan_bridge\app.py","499","_jsonable_for_cache"
"app.py","C:\Users\carmi\AI\services\vulkan_bridge\app.py","503","_remember_openwebui_tool_payload"
"app.py","C:\Users\carmi\AI\services\vulkan_bridge\app.py","532","_load_openwebui_tool_payload_cache"
"app.py","C:\Users\carmi\AI\services\vulkan_bridge\app.py","545","_payload_browser_public_payload"
"app.py","C:\Users\carmi\AI\services\vulkan_bridge\app.py","586","_payload_browser_normalize_path"
"app.py","C:\Users\carmi\AI\services\vulkan_bridge\app.py","602","_payload_browser_tokenize_with_diagnostics"
"app.py","C:\Users\carmi\AI\services\vulkan_bridge\app.py","622","_payload_browser_tokenize"
"app.py","C:\Users\carmi\AI\services\vulkan_bridge\app.py","627","_payload_browser_resolve_tokens"
"app.py","C:\Users\carmi\AI\services\vulkan_bridge\app.py","653","_payload_browser_resolve_path"
"app.py","C:\Users\carmi\AI\services\vulkan_bridge\app.py","667","_payload_browser_extract_requested_path"
"app.py","C:\Users\carmi\AI\services\vulkan_bridge\app.py","676","_payload_browser_node_kind"
"app.py","C:\Users\carmi\AI\services\vulkan_bridge\app.py","692","_payload_browser_tree_rows"
"app.py","C:\Users\carmi\AI\services\vulkan_bridge\app.py","732","_payload_browser_index_locations"
"app.py","C:\Users\carmi\AI\services\vulkan_bridge\app.py","759","_payload_browser_concrete_payloads"
"app.py","C:\Users\carmi\AI\services\vulkan_bridge\app.py","775","_openwebui_upload_reference_response"
"app.py","C:\Users\carmi\AI\services\vulkan_bridge\app.py","839","_build_agent_payload"
"app.py","C:\Users\carmi\AI\services\vulkan_bridge\app.py","927","_is_terminal_agent_result"
"app.py","C:\Users\carmi\AI\services\vulkan_bridge\app.py","940","_ollama_base_url_from_chat_url"
"app.py","C:\Users\carmi\AI\services\vulkan_bridge\app.py","950","_unload_planner_model_for_openwebui"
"app.py","C:\Users\carmi\AI\services\vulkan_bridge\app.py","1020","_apply_openwebui_final_handoff"
"app.py","C:\Users\carmi\AI\services\vulkan_bridge\app.py","1041","_post_json"
"app.py","C:\Users\carmi\AI\services\vulkan_bridge\app.py","1145","_handle_helper"
"app.py","C:\Users\carmi\AI\services\vulkan_bridge\app.py","1188","health"
"app.py","C:\Users\carmi\AI\services\vulkan_bridge\app.py","1226","helper_for_all"
"app.py","C:\Users\carmi\AI\services\vulkan_bridge\app.py","1239","repo_capabilities"
"app.py","C:\Users\carmi\AI\services\vulkan_bridge\app.py","1249","repo_status_public"
"app.py","C:\Users\carmi\AI\services\vulkan_bridge\app.py","1259","repo_search_public"
"app.py","C:\Users\carmi\AI\services\vulkan_bridge\app.py","1269","repo_read_public"
"app.py","C:\Users\carmi\AI\services\vulkan_bridge\app.py","1279","repo_command_public"
"app.py","C:\Users\carmi\AI\services\vulkan_bridge\app.py","1300","vulkan_helper_public"
"app.py","C:\Users\carmi\AI\services\vulkan_bridge\app.py","1311","help_for_all"
"app.py","C:\Users\carmi\AI\services\vulkan_bridge\app.py","1315","_native_helper_openapi"
"app.py","C:\Users\carmi\AI\services\vulkan_bridge\app.py","1534","public_summary"
"app.py","C:\Users\carmi\AI\services\vulkan_bridge\app.py","1957","add_file"
"app.py","C:\Users\carmi\AI\services\vulkan_bridge\app.py","1963","add_dir"
"app.py","C:\Users\carmi\AI\services\vulkan_bridge\app.py","3613","add"
"app.py","C:\Users\carmi\AI\services\vulkan_bridge\app.py","4216","_compact_for_openwebui"
"app_refactored.py","C:\Users\carmi\AI\services\vulkan_bridge\app_refactored.py","63","_broker_capability_map"
"app_refactored.py","C:\Users\carmi\AI\services\vulkan_bridge\app_refactored.py","74","_int_env"
"app_refactored.py","C:\Users\carmi\AI\services\vulkan_bridge\app_refactored.py","78","_bool_env"
"app_refactored.py","C:\Users\carmi\AI\services\vulkan_bridge\app_refactored.py","187","_public_agent_arguments"
"app_refactored.py","C:\Users\carmi\AI\services\vulkan_bridge\app_refactored.py","191","_payload_to_dict"
"app_refactored.py","C:\Users\carmi\AI\services\vulkan_bridge\app_refactored.py","195","_first_text"
"app_refactored.py","C:\Users\carmi\AI\services\vulkan_bridge\app_refactored.py","199","_first_dict"
"app_refactored.py","C:\Users\carmi\AI\services\vulkan_bridge\app_refactored.py","203","_compact_text"
"app_refactored.py","C:\Users\carmi\AI\services\vulkan_bridge\app_refactored.py","207","_json_size"
"app_refactored.py","C:\Users\carmi\AI\services\vulkan_bridge\app_refactored.py","211","_bridge_result_digest"
"app_refactored.py","C:\Users\carmi\AI\services\vulkan_bridge\app_refactored.py","215","_public_payload_lint_mode"
"app_refactored.py","C:\Users\carmi\AI\services\vulkan_bridge\app_refactored.py","219","_attach_public_payload_lint"
"app_refactored.py","C:\Users\carmi\AI\services\vulkan_bridge\app_refactored.py","304","_legacy_compact_for_openwebui"
"app_refactored.py","C:\Users\carmi\AI\services\vulkan_bridge\app_refactored.py","345","_effective_wait_seconds"
"app_refactored.py","C:\Users\carmi\AI\services\vulkan_bridge\app_refactored.py","359","_final_handoff_timeout_budget_seconds"
"app_refactored.py","C:\Users\carmi\AI\services\vulkan_bridge\app_refactored.py","364","_required_bridge_timeout_seconds"
"app_refactored.py","C:\Users\carmi\AI\services\vulkan_bridge\app_refactored.py","371","_timeout_from"
"app_refactored.py","C:\Users\carmi\AI\services\vulkan_bridge\app_refactored.py","384","_semantic_request_from_tool_envelope"
"app_refactored.py","C:\Users\carmi\AI\services\vulkan_bridge\app_refactored.py","402","_build_agent_payload"
"app_refactored.py","C:\Users\carmi\AI\services\vulkan_bridge\app_refactored.py","490","_is_terminal_agent_result"
"app_refactored.py","C:\Users\carmi\AI\services\vulkan_bridge\app_refactored.py","503","_ollama_base_url_from_chat_url"
"app_refactored.py","C:\Users\carmi\AI\services\vulkan_bridge\app_refactored.py","513","_unload_planner_model_for_openwebui"
"app_refactored.py","C:\Users\carmi\AI\services\vulkan_bridge\app_refactored.py","562","_apply_openwebui_final_handoff"
"app_refactored.py","C:\Users\carmi\AI\services\vulkan_bridge\app_refactored.py","583","_post_json"
"app_refactored.py","C:\Users\carmi\AI\services\vulkan_bridge\app_refactored.py","685","_handle_helper"
"app_refactored.py","C:\Users\carmi\AI\services\vulkan_bridge\app_refactored.py","723","health"
"app_refactored.py","C:\Users\carmi\AI\services\vulkan_bridge\app_refactored.py","761","helper_for_all"
"app_refactored.py","C:\Users\carmi\AI\services\vulkan_bridge\app_refactored.py","774","repo_capabilities"
"app_refactored.py","C:\Users\carmi\AI\services\vulkan_bridge\app_refactored.py","784","repo_status_public"
"app_refactored.py","C:\Users\carmi\AI\services\vulkan_bridge\app_refactored.py","794","repo_search_public"
"app_refactored.py","C:\Users\carmi\AI\services\vulkan_bridge\app_refactored.py","804","repo_read_public"
"app_refactored.py","C:\Users\carmi\AI\services\vulkan_bridge\app_refactored.py","814","repo_command_public"
"app_refactored.py","C:\Users\carmi\AI\services\vulkan_bridge\app_refactored.py","835","vulkan_helper_public"
"app_refactored.py","C:\Users\carmi\AI\services\vulkan_bridge\app_refactored.py","846","help_for_all"
"app_refactored.py","C:\Users\carmi\AI\services\vulkan_bridge\app_refactored.py","850","_native_helper_openapi"
"app_refactored.py","C:\Users\carmi\AI\services\vulkan_bridge\app_refactored.py","1076","public_summary"
"app_refactored.py","C:\Users\carmi\AI\services\vulkan_bridge\app_refactored.py","1498","add_file"
"app_refactored.py","C:\Users\carmi\AI\services\vulkan_bridge\app_refactored.py","1504","add_dir"
"app_refactored.py","C:\Users\carmi\AI\services\vulkan_bridge\app_refactored.py","3118","add"
"app_refactored.py","C:\Users\carmi\AI\services\vulkan_bridge\app_refactored.py","3706","_compact_for_openwebui"
"config.py","C:\Users\carmi\AI\services\vulkan_bridge\config.py","11","_env"
"config.py","C:\Users\carmi\AI\services\vulkan_bridge\config.py","15","int_env"
"config.py","C:\Users\carmi\AI\services\vulkan_bridge\config.py","22","bool_env"
"config.py","C:\Users\carmi\AI\services\vulkan_bridge\config.py","29","first_env"
"config.py","C:\Users\carmi\AI\services\vulkan_bridge\config.py","59","load_bridge_config_from_env"
"openapi_builder.py","C:\Users\carmi\AI\services\vulkan_bridge\openapi_builder.py","10","vulkan_helper_completed_response_schema"
"openapi_builder.py","C:\Users\carmi\AI\services\vulkan_bridge\openapi_builder.py","149","annotate_vulkan_helper_openapi_response"
"openapi_builder.py","C:\Users\carmi\AI\services\vulkan_bridge\openapi_builder.py","209","require_vulkan_helper_request_field"
"openapi_builder.py","C:\Users\carmi\AI\services\vulkan_bridge\openapi_builder.py","232","build_native_helper_openapi"
"materialization_report.py","C:\Users\carmi\AI\services\vulkan_bridge\application\materialization_report.py","25","_parse_context"
"materialization_report.py","C:\Users\carmi\AI\services\vulkan_bridge\application\materialization_report.py","37","_has_concrete_payload"
"materialization_report.py","C:\Users\carmi\AI\services\vulkan_bridge\application\materialization_report.py","47","_artifact_rows"
"materialization_report.py","C:\Users\carmi\AI\services\vulkan_bridge\application\materialization_report.py","54","build_materialization_report"
"payload_index_resolver.py","C:\Users\carmi\AI\services\vulkan_bridge\application\payload_index_resolver.py","15","_parse_tool_context"
"payload_index_resolver.py","C:\Users\carmi\AI\services\vulkan_bridge\application\payload_index_resolver.py","25","_parse_tool_context_diagnostic"
"payload_index_resolver.py","C:\Users\carmi\AI\services\vulkan_bridge\application\payload_index_resolver.py","55","_payload_for_resolution"
"payload_index_resolver.py","C:\Users\carmi\AI\services\vulkan_bridge\application\payload_index_resolver.py","62","_payload_for_resolution_with_diagnostics"
"payload_index_resolver.py","C:\Users\carmi\AI\services\vulkan_bridge\application\payload_index_resolver.py","73","_is_empty"
"payload_index_resolver.py","C:\Users\carmi\AI\services\vulkan_bridge\application\payload_index_resolver.py","77","_tokenize_with_diagnostics"
"payload_index_resolver.py","C:\Users\carmi\AI\services\vulkan_bridge\application\payload_index_resolver.py","97","_tokenize"
"payload_index_resolver.py","C:\Users\carmi\AI\services\vulkan_bridge\application\payload_index_resolver.py","102","_resolve_tokens"
"payload_index_resolver.py","C:\Users\carmi\AI\services\vulkan_bridge\application\payload_index_resolver.py","128","resolve_field_path"
"payload_index_resolver.py","C:\Users\carmi\AI\services\vulkan_bridge\application\payload_index_resolver.py","147","_iter_location_values"
"payload_index_resolver.py","C:\Users\carmi\AI\services\vulkan_bridge\application\payload_index_resolver.py","156","_iter_index_targets"
"payload_index_resolver.py","C:\Users\carmi\AI\services\vulkan_bridge\application\payload_index_resolver.py","170","resolve_payload_index"
"public_field_names.py","C:\Users\carmi\AI\services\vulkan_bridge\application\public_field_names.py","71","replace_public_field_name_references"
"public_field_names.py","C:\Users\carmi\AI\services\vulkan_bridge\application\public_field_names.py","78","normalize_public_payload_field_names"
"public_payload_linter.py","C:\Users\carmi\AI\services\vulkan_bridge\application\public_payload_linter.py","80","_mode"
"public_payload_linter.py","C:\Users\carmi\AI\services\vulkan_bridge\application\public_payload_linter.py","85","_looks_local_path"
"public_payload_linter.py","C:\Users\carmi\AI\services\vulkan_bridge\application\public_payload_linter.py","89","_contains_omission_marker"
"public_payload_linter.py","C:\Users\carmi\AI\services\vulkan_bridge\application\public_payload_linter.py","94","_looks_object_repr"
"public_payload_linter.py","C:\Users\carmi\AI\services\vulkan_bridge\application\public_payload_linter.py","98","_looks_local_pointer_location"
"public_payload_linter.py","C:\Users\carmi\AI\services\vulkan_bridge\application\public_payload_linter.py","102","_path"
"public_payload_linter.py","C:\Users\carmi\AI\services\vulkan_bridge\application\public_payload_linter.py","106","_walk"
"public_payload_linter.py","C:\Users\carmi\AI\services\vulkan_bridge\application\public_payload_linter.py","121","_json_serializable"
"public_payload_linter.py","C:\Users\carmi\AI\services\vulkan_bridge\application\public_payload_linter.py","129","_tool_context_serializable"
"public_payload_linter.py","C:\Users\carmi\AI\services\vulkan_bridge\application\public_payload_linter.py","139","_tool_context_object"
"public_payload_linter.py","C:\Users\carmi\AI\services\vulkan_bridge\application\public_payload_linter.py","151","_priority_items_have_concrete_payload"
"public_payload_linter.py","C:\Users\carmi\AI\services\vulkan_bridge\application\public_payload_linter.py","163","_has_concrete_payload"
"public_payload_linter.py","C:\Users\carmi\AI\services\vulkan_bridge\application\public_payload_linter.py","173","_tool_context_has_artifacts"
"public_payload_linter.py","C:\Users\carmi\AI\services\vulkan_bridge\application\public_payload_linter.py","179","_terminal_status"
"public_payload_linter.py","C:\Users\carmi\AI\services\vulkan_bridge\application\public_payload_linter.py","187","_tool_context_root_violations"
"public_payload_linter.py","C:\Users\carmi\AI\services\vulkan_bridge\application\public_payload_linter.py","215","_payload_index_copy_violations"
"public_payload_linter.py","C:\Users\carmi\AI\services\vulkan_bridge\application\public_payload_linter.py","233","_payload_index_has_result"
"public_payload_linter.py","C:\Users\carmi\AI\services\vulkan_bridge\application\public_payload_linter.py","241","_payload_index_has_resolved_concrete_result"
"public_payload_linter.py","C:\Users\carmi\AI\services\vulkan_bridge\application\public_payload_linter.py","251","lint_public_payload"
"request_payload.py","C:\Users\carmi\AI\services\vulkan_bridge\application\request_payload.py","32","public_agent_arguments"
"request_payload.py","C:\Users\carmi\AI\services\vulkan_bridge\application\request_payload.py","40","payload_to_dict"
"request_payload.py","C:\Users\carmi\AI\services\vulkan_bridge\application\request_payload.py","60","first_text"
"request_payload.py","C:\Users\carmi\AI\services\vulkan_bridge\application\request_payload.py","68","first_dict"
"response_values.py","C:\Users\carmi\AI\services\vulkan_bridge\application\response_values.py","8","compact_text"
"response_values.py","C:\Users\carmi\AI\services\vulkan_bridge\application\response_values.py","17","json_size"
"response_values.py","C:\Users\carmi\AI\services\vulkan_bridge\application\response_values.py","24","bridge_result_digest"
"environment_utils.py","C:\Users\carmi\AI\services\vulkan_bridge\application\modules\environment_utils.py","8","_broker_capability_map"
"environment_utils.py","C:\Users\carmi\AI\services\vulkan_bridge\application\modules\environment_utils.py","12","_int_env"
"environment_utils.py","C:\Users\carmi\AI\services\vulkan_bridge\application\modules\environment_utils.py","16","_bool_env"
"request_utils.py","C:\Users\carmi\AI\services\vulkan_bridge\application\modules\request_utils.py","15","_public_agent_arguments"
"request_utils.py","C:\Users\carmi\AI\services\vulkan_bridge\application\modules\request_utils.py","19","payload_to_dict"
"request_utils.py","C:\Users\carmi\AI\services\vulkan_bridge\application\modules\request_utils.py","23","_first_text"
"request_utils.py","C:\Users\carmi\AI\services\vulkan_bridge\application\modules\request_utils.py","27","_first_dict"
"request_utils.py","C:\Users\carmi\AI\services\vulkan_bridge\application\modules\request_utils.py","31","_compact_text"
"test_action_validators.py","C:\Users\carmi\AI\services\tests\test_action_validators.py","9","test_repo_search_missing_query"
"test_action_validators.py","C:\Users\carmi\AI\services\tests\test_action_validators.py","21","test_repo_search_with_query_ok"
"test_action_validators.py","C:\Users\carmi\AI\services\tests\test_action_validators.py","33","test_repo_read_missing_path"
"test_action_validators.py","C:\Users\carmi\AI\services\tests\test_action_validators.py","45","test_planner_scratchpad_write_missing_text"
"test_action_validators.py","C:\Users\carmi\AI\services\tests\test_action_validators.py","57","test_planner_scratchpad_read_missing_selector"
"test_action_validators.py","C:\Users\carmi\AI\services\tests\test_action_validators.py","69","test_unknown_tool_no_violations"
"test_action_validators.py","C:\Users\carmi\AI\services\tests\test_action_validators.py","81","test_repo_semantic_search_missing_query"
"test_action_validators.py","C:\Users\carmi\AI\services\tests\test_action_validators.py","93","test_repo_rg_search_missing_pattern"
"test_action_validators.py","C:\Users\carmi\AI\services\tests\test_action_validators.py","109","test_non_answer_chunk_kind_returns_ok"
"test_action_validators.py","C:\Users\carmi\AI\services\tests\test_action_validators.py","120","test_answer_chunk_without_final_composition"
"test_action_validators.py","C:\Users\carmi\AI\services\tests\test_action_validators.py","131","test_answer_chunk_with_final_composition_ok"
"test_action_validators.py","C:\Users\carmi\AI\services\tests\test_action_validators.py","142","test_answer_chunk_tag_already_written"
"test_action_validators.py","C:\Users\carmi\AI\services\tests\test_action_validators.py","153","test_answer_chunk_misuses_terminal_payload"
"test_action_validators.py","C:\Users\carmi\AI\services\tests\test_action_validators.py","168","test_terminal_block_latch_disallows_final"
"test_action_validators.py","C:\Users\carmi\AI\services\tests\test_action_validators.py","180","test_planner_forced_block_disallows_final"
"test_action_validators.py","C:\Users\carmi\AI\services\tests\test_action_validators.py","192","test_normal_state_allows_final"
"test_action_validators.py","C:\Users\carmi\AI\services\tests\test_action_validators.py","208","test_dict_payload_with_enabled"
"test_action_validators.py","C:\Users\carmi\AI\services\tests\test_action_validators.py","217","test_bool_payload_true"
"test_action_validators.py","C:\Users\carmi\AI\services\tests\test_action_validators.py","227","test_no_forced_block"
"test_action_validators.py","C:\Users\carmi\AI\services\tests\test_action_validators.py","238","test_coverage_block_applied"
"test_action_validators.py","C:\Users\carmi\AI\services\tests\test_action_validators.py","253","test_coverage_satisfied_false_detected"
"test_action_validators.py","C:\Users\carmi\AI\services\tests\test_action_validators.py","259","test_missing_coverage_detected"
"test_action_validators.py","C:\Users\carmi\AI\services\tests\test_action_validators.py","267","test_normal_text_not_detected"
"test_action_validators.py","C:\Users\carmi\AI\services\tests\test_action_validators.py","277","test_json_with_final_answer_detected"
"test_action_validators.py","C:\Users\carmi\AI\services\tests\test_action_validators.py","283","test_plain_text_not_detected"
"test_action_validators.py","C:\Users\carmi\AI\services\tests\test_action_validators.py","288","test_json_without_terminal_keys_not_detected"
"test_action_validators.py","C:\Users\carmi\AI\services\tests\test_action_validators.py","297","test_empty_output_failure"
"test_action_validators.py","C:\Users\carmi\AI\services\tests\test_action_validators.py","309","test_native_tool_call_required"
"test_action_validators.py","C:\Users\carmi\AI\services\tests\test_action_validators.py","321","test_non_json_output_failure"
"test_action_validators.py","C:\Users\carmi\AI\services\tests\test_action_validators.py","333","test_unknown_reason_returns_none"
"test_action_validators.py","C:\Users\carmi\AI\services\tests\test_action_validators.py","348","test_invalid_planner_output"
"test_action_validators.py","C:\Users\carmi\AI\services\tests\test_action_validators.py","352","test_non_json_detected"
"test_action_validators.py","C:\Users\carmi\AI\services\tests\test_action_validators.py","358","test_degenerate_detected"
"test_action_validators.py","C:\Users\carmi\AI\services\tests\test_action_validators.py","362","test_timeout_detected"
"test_action_validators.py","C:\Users\carmi\AI\services\tests\test_action_validators.py","366","test_planner_degenerate_prefix"
"test_action_validators.py","C:\Users\carmi\AI\services\tests\test_action_validators.py","370","test_normal_reason_not_degenerate"
"test_config_models.py","C:\Users\carmi\AI\services\tests\test_config_models.py","9","test_import_config_models"
"test_config_models.py","C:\Users\carmi\AI\services\tests\test_config_models.py","15","test_import_compatibility"
"test_config_models.py","C:\Users\carmi\AI\services\tests\test_config_models.py","24","test_import_entry_points_config"
"test_contract_utils.py","C:\Users\carmi\AI\services\tests\test_contract_utils.py","9","test_empty_contract_returns_empty"
"test_contract_utils.py","C:\Users\carmi\AI\services\tests\test_contract_utils.py","14","test_standard_path_keys_extracted"
"test_contract_utils.py","C:\Users\carmi\AI\services\tests\test_contract_utils.py","32","test_coverage_subcontract_paths_extracted"
"test_contract_utils.py","C:\Users\carmi\AI\services\tests\test_contract_utils.py","44","test_finalization_contract_coverage_extracted"
"test_contract_utils.py","C:\Users\carmi\AI\services\tests\test_contract_utils.py","58","test_dot_paths_filtered"
"test_contract_utils.py","C:\Users\carmi\AI\services\tests\test_contract_utils.py","70","test_root_always_included"
"test_contract_utils.py","C:\Users\carmi\AI\services\tests\test_contract_utils.py","75","test_ancestor_dirs_derived"
"test_contract_utils.py","C:\Users\carmi\AI\services\tests\test_contract_utils.py","83","test_multiple_paths_derive_dirs"
"test_contract_utils.py","C:\Users\carmi\AI\services\tests\test_contract_utils.py","98","test_empty_contract_returns_empty"
"test_contract_utils.py","C:\Users\carmi\AI\services\tests\test_contract_utils.py","103","test_standard_keys_extracted"
"test_contract_utils.py","C:\Users\carmi\AI\services\tests\test_contract_utils.py","113","test_verified_content_reads_extracted"
"test_contract_utils.py","C:\Users\carmi\AI\services\tests\test_contract_utils.py","124","test_file_memory_extracted"
"test_contract_utils.py","C:\Users\carmi\AI\services\tests\test_contract_utils.py","134","test_read_notes_extracted"
"test_contract_utils.py","C:\Users\carmi\AI\services\tests\test_contract_utils.py","146","test_dict_values_extracted"
"test_contract_utils.py","C:\Users\carmi\AI\services\tests\test_contract_utils.py","161","test_empty_contract_returns_empty_dict"
"test_contract_utils.py","C:\Users\carmi\AI\services\tests\test_contract_utils.py","165","test_contract_coverage_returned"
"test_contract_utils.py","C:\Users\carmi\AI\services\tests\test_contract_utils.py","170","test_finalization_coverage_returned"
"test_contract_utils.py","C:\Users\carmi\AI\services\tests\test_contract_utils.py","179","test_contract_coverage_preferred"
"test_contract_utils.py","C:\Users\carmi\AI\services\tests\test_contract_utils.py","193","test_coverage_not_satisfied_required"
"test_contract_utils.py","C:\Users\carmi\AI\services\tests\test_contract_utils.py","198","test_coverage_satisfied_not_required"
"test_contract_utils.py","C:\Users\carmi\AI\services\tests\test_contract_utils.py","203","test_coverage_required_true"
"test_contract_utils.py","C:\Users\carmi\AI\services\tests\test_contract_utils.py","208","test_coverage_not_satisfied_default"
"test_contract_utils.py","C:\Users\carmi\AI\services\tests\test_contract_utils.py","219","test_coverage_satisfied_true"
"test_contract_utils.py","C:\Users\carmi\AI\services\tests\test_contract_utils.py","224","test_coverage_satisfied_false"
"test_contract_utils.py","C:\Users\carmi\AI\services\tests\test_contract_utils.py","229","test_coverage_satisfied_in_coverage_dict"
"test_contract_utils.py","C:\Users\carmi\AI\services\tests\test_contract_utils.py","234","test_coverage_not_satisfied_in_coverage_dict"
"test_contract_utils.py","C:\Users\carmi\AI\services\tests\test_contract_utils.py","243","test_empty_contract_returns_empty"
"test_contract_utils.py","C:\Users\carmi\AI\services\tests\test_contract_utils.py","247","test_coverage_dict_missing_paths"
"test_contract_utils.py","C:\Users\carmi\AI\services\tests\test_contract_utils.py","252","test_top_level_missing_paths"
"test_contract_utils.py","C:\Users\carmi\AI\services\tests\test_contract_utils.py","257","test_non_list_missing_paths_returns_empty"
"test_contract_utils.py","C:\Users\carmi\AI\services\tests\test_contract_utils.py","266","test_repo_read_always_proven"
"test_contract_utils.py","C:\Users\carmi\AI\services\tests\test_contract_utils.py","271","test_repo_list_files_root_proven"
"test_contract_utils.py","C:\Users\carmi\AI\services\tests\test_contract_utils.py","278","test_repo_list_files_known_dir_proven"
"test_contract_utils.py","C:\Users\carmi\AI\services\tests\test_contract_utils.py","285","test_repo_list_files_unknown_dir_not_proven"
"test_contract_utils.py","C:\Users\carmi\AI\services\tests\test_contract_utils.py","292","test_repo_list_files_prose_not_proven"
"test_contract_utils.py","C:\Users\carmi\AI\services\tests\test_contract_utils.py","299","test_repo_search_with_concrete_query_proven"
"test_contract_utils.py","C:\Users\carmi\AI\services\tests\test_contract_utils.py","306","test_repo_search_with_bad_query_not_proven"
"test_contract_utils.py","C:\Users\carmi\AI\services\tests\test_contract_utils.py","313","test_repo_search_unknown_path_not_proven"
"test_contract_utils.py","C:\Users\carmi\AI\services\tests\test_contract_utils.py","320","test_scratchpad_read_with_document_id_proven"
"test_contract_utils.py","C:\Users\carmi\AI\services\tests\test_contract_utils.py","327","test_scratchpad_read_with_target_file_proven"
"test_contract_utils.py","C:\Users\carmi\AI\services\tests\test_contract_utils.py","334","test_unknown_tool_not_proven"
"test_contract_utils.py","C:\Users\carmi\AI\services\tests\test_contract_utils.py","341","test_empty_required_call_not_proven"
"test_controller_modules.py","C:\Users\carmi\AI\services\tests\test_controller_modules.py","9","test_controller_memory_target_key_exists"
"test_controller_modules.py","C:\Users\carmi\AI\services\tests\test_controller_modules.py","14","test_controller_memory_target_key_returns_string"
"test_controller_modules.py","C:\Users\carmi\AI\services\tests\test_controller_modules.py","21","test_controller_memory_lesson_text_exists"
"test_controller_modules.py","C:\Users\carmi\AI\services\tests\test_controller_modules.py","26","test_write_controller_memory_lesson_exists"
"test_controller_modules.py","C:\Users\carmi\AI\services\tests\test_controller_modules.py","31","test_loop_turn_memory_text_exists"
"test_controller_modules.py","C:\Users\carmi\AI\services\tests\test_controller_modules.py","36","test_write_loop_turn_memory_exists"
"test_controller_modules.py","C:\Users\carmi\AI\services\tests\test_controller_modules.py","45","test_controller_preseed_plan_exists"
"test_controller_modules.py","C:\Users\carmi\AI\services\tests\test_controller_modules.py","50","test_controller_preseed_plan_returns_dict"
"test_controller_modules.py","C:\Users\carmi\AI\services\tests\test_controller_modules.py","57","test_controller_preplanner_rag_preseed_plan_exists"
"test_controller_modules.py","C:\Users\carmi\AI\services\tests\test_controller_modules.py","62","test_controller_preplanner_rag_query_plan_exists"
"test_controller_modules.py","C:\Users\carmi\AI\services\tests\test_controller_modules.py","67","test_root_surface_entries_exists"
"test_evidence_builder.py","C:\Users\carmi\AI\services\tests\test_evidence_builder.py","11","builder"
"test_evidence_builder.py","C:\Users\carmi\AI\services\tests\test_evidence_builder.py","19","test_appends_new_value"
"test_evidence_builder.py","C:\Users\carmi\AI\services\tests\test_evidence_builder.py","25","test_skips_duplicate_value"
"test_evidence_builder.py","C:\Users\carmi\AI\services\tests\test_evidence_builder.py","31","test_skips_empty_value"
"test_evidence_builder.py","C:\Users\carmi\AI\services\tests\test_evidence_builder.py","37","test_skips_none_value"
"test_evidence_builder.py","C:\Users\carmi\AI\services\tests\test_evidence_builder.py","43","test_appends_whitespace_only_as_empty"
"test_evidence_builder.py","C:\Users\carmi\AI\services\tests\test_evidence_builder.py","53","test_leaves_short_text_unchanged"
"test_evidence_builder.py","C:\Users\carmi\AI\services\tests\test_evidence_builder.py","58","test_truncates_long_text"
"test_evidence_builder.py","C:\Users\carmi\AI\services\tests\test_evidence_builder.py","65","test_handles_none_input"
"test_evidence_builder.py","C:\Users\carmi\AI\services\tests\test_evidence_builder.py","70","test_handles_empty_input"
"test_evidence_builder.py","C:\Users\carmi\AI\services\tests\test_evidence_builder.py","75","test_exact_limit_no_truncation"
"test_evidence_builder.py","C:\Users\carmi\AI\services\tests\test_evidence_builder.py","85","test_compacts_to_limit"
"test_evidence_builder.py","C:\Users\carmi\AI\services\tests\test_evidence_builder.py","92","test_returns_empty_for_non_list"
"test_evidence_builder.py","C:\Users\carmi\AI\services\tests\test_evidence_builder.py","97","test_returns_empty_for_none"
"test_evidence_builder.py","C:\Users\carmi\AI\services\tests\test_evidence_builder.py","102","test_zero_limit_returns_empty"
"test_evidence_builder.py","C:\Users\carmi\AI\services\tests\test_evidence_builder.py","108","test_negative_limit_returns_empty"
"test_evidence_builder.py","C:\Users\carmi\AI\services\tests\test_evidence_builder.py","118","test_compacts_dict_values"
"test_evidence_builder.py","C:\Users\carmi\AI\services\tests\test_evidence_builder.py","125","test_compacts_nested_dict"
"test_evidence_builder.py","C:\Users\carmi\AI\services\tests\test_evidence_builder.py","131","test_compacts_list_items"
"test_evidence_builder.py","C:\Users\carmi\AI\services\tests\test_evidence_builder.py","137","test_skips_empty_values"
"test_evidence_builder.py","C:\Users\carmi\AI\services\tests\test_evidence_builder.py","146","test_returns_non_dict_non_list_unchanged"
"test_evidence_builder.py","C:\Users\carmi\AI\services\tests\test_evidence_builder.py","155","test_concept_present_returns_false_stub"
"test_evidence_builder.py","C:\Users\carmi\AI\services\tests\test_evidence_builder.py","160","test_concept_not_present_returns_false"
"test_evidence_builder.py","C:\Users\carmi\AI\services\tests\test_evidence_builder.py","164","test_absolute_no_issue_claim_returns_false_stub"
"test_evidence_builder.py","C:\Users\carmi\AI\services\tests\test_evidence_builder.py","168","test_absolute_repo_no_issue_claim_returns_false_stub"
"test_evidence_builder.py","C:\Users\carmi\AI\services\tests\test_evidence_builder.py","172","test_declares_partial_coverage_returns_false_stub"
"test_evidence_builder.py","C:\Users\carmi\AI\services\tests\test_evidence_builder.py","176","test_claims_deep_review_returns_false_stub"
"test_evidence_builder.py","C:\Users\carmi\AI\services\tests\test_evidence_builder.py","184","test_route_token_is_prose_or_metric_prose"
"test_evidence_builder.py","C:\Users\carmi\AI\services\tests\test_evidence_builder.py","190","test_search_query_is_concrete_concrete"
"test_evidence_builder.py","C:\Users\carmi\AI\services\tests\test_evidence_builder.py","195","test_allowed_concrete_repo_path_empty"
"test_evidence_builder.py","C:\Users\carmi\AI\services\tests\test_evidence_builder.py","200","test_normalize_required_next_tool_call_paths"
"test_evidence_builder.py","C:\Users\carmi\AI\services\tests\test_evidence_builder.py","206","test_required_next_output_sections_violations"
"test_evidence_builder.py","C:\Users\carmi\AI\services\tests\test_evidence_builder.py","213","test_required_next_missing_evidences_empty"
"test_evidence_builder.py","C:\Users\carmi\AI\services\tests\test_evidence_builder.py","222","test_unverified_final_path_tokens_empty"
"test_evidence_builder.py","C:\Users\carmi\AI\services\tests\test_evidence_builder.py","227","test_repo_read_completed_paths_empty"
"test_evidence_builder.py","C:\Users\carmi\AI\services\tests\test_evidence_builder.py","232","test_repo_read_path_allowlist_empty"
"test_evidence_builder.py","C:\Users\carmi\AI\services\tests\test_evidence_builder.py","237","test_known_repo_paths_empty"
"test_evidence_builder.py","C:\Users\carmi\AI\services\tests\test_evidence_builder.py","242","test_known_repo_dirs_empty"
"test_evidence_builder.py","C:\Users\carmi\AI\services\tests\test_evidence_builder.py","251","test_init_is_idempotent"
"test_evidence_builder.py","C:\Users\carmi\AI\services\tests\test_evidence_builder.py","255","test_append_unique_handles_special_chars"
"test_evidence_builder.py","C:\Users\carmi\AI\services\tests\test_evidence_builder.py","261","test_clip_text_handles_unicode"
"test_evidence_builder.py","C:\Users\carmi\AI\services\tests\test_evidence_builder.py","268","test_compact_list_handles_mixed_types"
"test_evidence_builder.py","C:\Users\carmi\AI\services\tests\test_evidence_builder.py","276","test_compact_mapping_handles_deep_nesting"
"test_evidence_modules.py","C:\Users\carmi\AI\services\tests\test_evidence_modules.py","9","test_goal_requires_code_product_report_true"
"test_evidence_modules.py","C:\Users\carmi\AI\services\tests\test_evidence_modules.py","14","test_goal_requires_code_product_report_false"
"test_evidence_modules.py","C:\Users\carmi\AI\services\tests\test_evidence_modules.py","24","test_repo_readable_evidence_file_empty"
"test_evidence_modules.py","C:\Users\carmi\AI\services\tests\test_evidence_modules.py","30","test_repo_readable_evidence_file_returns_dict"
"test_evidence_modules.py","C:\Users\carmi\AI\services\tests\test_evidence_modules.py","40","test_latest_file_list_result_empty"
"test_evidence_modules.py","C:\Users\carmi\AI\services\tests\test_evidence_modules.py","46","test_latest_file_list_result_returns_dict"
"test_evidence_modules.py","C:\Users\carmi\AI\services\tests\test_evidence_modules.py","56","test_repo_analysis_final_answer_model_quality_basic"
"test_evidence_modules.py","C:\Users\carmi\AI\services\tests\test_evidence_modules.py","63","test_repo_analysis_final_answer_model_quality_with_history"
"test_evidence_modules.py","C:\Users\carmi\AI\services\tests\test_evidence_modules.py","74","test_import_audit_guidance"
"test_final_quality.py","C:\Users\carmi\AI\services\tests\test_final_quality.py","9","test_empty_answer_rejected"
"test_final_quality.py","C:\Users\carmi\AI\services\tests\test_final_quality.py","18","test_short_answer_rejected"
"test_final_quality.py","C:\Users\carmi\AI\services\tests\test_final_quality.py","25","test_valid_answer_passes_basic_checks"
"test_final_quality.py","C:\Users\carmi\AI\services\tests\test_final_quality.py","35","test_answer_with_file_paths"
"test_final_quality.py","C:\Users\carmi\AI\services\tests\test_final_quality.py","43","test_answer_with_code_diff"
"test_final_quality.py","C:\Users\carmi\AI\services\tests\test_final_quality.py","55","test_missing_dependency_returns_violation"
"test_final_quality.py","C:\Users\carmi\AI\services\tests\test_final_quality.py","66","test_invalid_decision_detected"
"test_final_quality.py","C:\Users\carmi\AI\services\tests\test_final_quality.py","78","test_metrics_in_result"
"test_final_quality.py","C:\Users\carmi\AI\services\tests\test_final_quality.py","86","test_required_next_sections"
"test_guard_evaluator.py","C:\Users\carmi\AI\services\tests\test_guard_evaluator.py","11","_make_deps"
"test_guard_evaluator.py","C:\Users\carmi\AI\services\tests\test_guard_evaluator.py","43","_make_config"
"test_guard_evaluator.py","C:\Users\carmi\AI\services\tests\test_guard_evaluator.py","52","evaluator"
"test_guard_evaluator.py","C:\Users\carmi\AI\services\tests\test_guard_evaluator.py","62","test_init_stores_deps"
"test_guard_evaluator.py","C:\Users\carmi\AI\services\tests\test_guard_evaluator.py","70","test_init_extract_frequently_used_deps"
"test_guard_evaluator.py","C:\Users\carmi\AI\services\tests\test_guard_evaluator.py","83","test_returns_guard_result_on_rejection"
"test_guard_evaluator.py","C:\Users\carmi\AI\services\tests\test_guard_evaluator.py","110","test_returns_none_when_valid"
"test_guard_evaluator.py","C:\Users\carmi\AI\services\tests\test_guard_evaluator.py","139","test_returns_none_when_not_violation"
"test_guard_evaluator.py","C:\Users\carmi\AI\services\tests\test_guard_evaluator.py","156","test_returns_finalize_when_repeated_violation"
"test_guard_evaluator.py","C:\Users\carmi\AI\services\tests\test_guard_evaluator.py","186","test_returns_none_when_no_false_claim"
"test_guard_evaluator.py","C:\Users\carmi\AI\services\tests\test_guard_evaluator.py","201","test_returns_guard_result_on_false_claim"
"test_guard_evaluator.py","C:\Users\carmi\AI\services\tests\test_guard_evaluator.py","228","test_returns_none_when_should_not_retry"
"test_guard_evaluator.py","C:\Users\carmi\AI\services\tests\test_guard_evaluator.py","242","test_returns_guard_result_on_incomprehensible_output"
"test_guard_evaluator.py","C:\Users\carmi\AI\services\tests\test_guard_evaluator.py","269","test_returns_none_when_not_violation"
"test_guard_evaluator.py","C:\Users\carmi\AI\services\tests\test_guard_evaluator.py","285","test_returns_finalize_on_repeated_violation"
"test_guard_evaluator.py","C:\Users\carmi\AI\services\tests\test_guard_evaluator.py","318","test_returns_none_when_below_limit"
"test_guard_evaluator.py","C:\Users\carmi\AI\services\tests\test_guard_evaluator.py","341","test_returns_finalize_at_limit"
"test_guard_evaluator.py","C:\Users\carmi\AI\services\tests\test_guard_evaluator.py","374","test_returns_none_when_not_unrecoverable"
"test_guard_evaluator.py","C:\Users\carmi\AI\services\tests\test_guard_evaluator.py","387","test_returns_finalize_on_unrecoverable_output"
"test_guard_evaluator.py","C:\Users\carmi\AI\services\tests\test_guard_evaluator.py","414","test_returns_none_when_should_not_attempt"
"test_guard_evaluator.py","C:\Users\carmi\AI\services\tests\test_guard_evaluator.py","432","test_returns_repair_attempted_false_on_failure"
"test_guard_evaluator.py","C:\Users\carmi\AI\services\tests\test_guard_evaluator.py","461","test_returns_guard_result_for_default_rejection"
"test_path_utils.py","C:\Users\carmi\AI\services\tests\test_path_utils.py","9","test_python_file_is_concrete"
"test_path_utils.py","C:\Users\carmi\AI\services\tests\test_path_utils.py","15","test_dir_path_is_concrete"
"test_path_utils.py","C:\Users\carmi\AI\services\tests\test_path_utils.py","21","test_placeholder_words_are_not_concrete"
"test_path_utils.py","C:\Users\carmi\AI\services\tests\test_path_utils.py","29","test_dot_and_double_dot_are_not_concrete"
"test_path_utils.py","C:\Users\carmi\AI\services\tests\test_path_utils.py","34","test_spaces_are_not_concrete"
"test_path_utils.py","C:\Users\carmi\AI\services\tests\test_path_utils.py","39","test_single_word_no_extension_is_not_concrete"
"test_path_utils.py","C:\Users\carmi\AI\services\tests\test_path_utils.py","45","test_path_with_separator_is_concrete"
"test_path_utils.py","C:\Users\carmi\AI\services\tests\test_path_utils.py","50","test_path_with_extension_is_concrete"
"test_path_utils.py","C:\Users\carmi\AI\services\tests\test_path_utils.py","56","test_none_returns_false"
"test_path_utils.py","C:\Users\carmi\AI\services\tests\test_path_utils.py","60","test_empty_string_returns_false"
"test_path_utils.py","C:\Users\carmi\AI\services\tests\test_path_utils.py","64","test_backslash_separator_is_concrete"
"test_path_utils.py","C:\Users\carmi\AI\services\tests\test_path_utils.py","72","test_empty_list_returns_empty"
"test_path_utils.py","C:\Users\carmi\AI\services\tests\test_path_utils.py","76","test_none_returns_empty"
"test_path_utils.py","C:\Users\carmi\AI\services\tests\test_path_utils.py","80","test_string_returns_empty"
"test_path_utils.py","C:\Users\carmi\AI\services\tests\test_path_utils.py","84","test_tuple_converted_to_list"
"test_path_utils.py","C:\Users\carmi\AI\services\tests\test_path_utils.py","89","test_deduplication_preserves_order"
"test_path_utils.py","C:\Users\carmi\AI\services\tests\test_path_utils.py","94","test_placeholder_words_filtered"
"test_path_utils.py","C:\Users\carmi\AI\services\tests\test_path_utils.py","99","test_dot_and_double_dot_filtered"
"test_path_utils.py","C:\Users\carmi\AI\services\tests\test_path_utils.py","104","test_spaces_filtered"
"test_path_utils.py","C:\Users\carmi\AI\services\tests\test_path_utils.py","109","test_mixed_valid_invalid"
"test_path_utils.py","C:\Users\carmi\AI\services\tests\test_path_utils.py","114","test_dict_values_extract_paths"
"test_path_utils.py","C:\Users\carmi\AI\services\tests\test_path_utils.py","125","test_dict_values"
"test_path_utils.py","C:\Users\carmi\AI\services\tests\test_path_utils.py","130","test_list_of_strings"
"test_path_utils.py","C:\Users\carmi\AI\services\tests\test_path_utils.py","135","test_list_of_dicts_with_path_keys"
"test_path_utils.py","C:\Users\carmi\AI\services\tests\test_path_utils.py","144","test_scalar_string"
"test_path_utils.py","C:\Users\carmi\AI\services\tests\test_path_utils.py","149","test_none_returns_empty"
"test_path_utils.py","C:\Users\carmi\AI\services\tests\test_path_utils.py","154","test_empty_dict_returns_empty"
"test_path_utils.py","C:\Users\carmi\AI\services\tests\test_path_utils.py","159","test_empty_list_returns_empty"
"test_path_utils.py","C:\Users\carmi\AI\services\tests\test_path_utils.py","164","test_nested_dict_values"
"test_path_utils.py","C:\Users\carmi\AI\services\tests\test_path_utils.py","170","test_mixed_nested_structure"
"test_path_utils.py","C:\Users\carmi\AI\services\tests\test_path_utils.py","188","test_numeric_ratio_is_prose"
"test_path_utils.py","C:\Users\carmi\AI\services\tests\test_path_utils.py","194","test_placeholder_paths_are_prose"
"test_path_utils.py","C:\Users\carmi\AI\services\tests\test_path_utils.py","201","test_spaces_are_prose"
"test_path_utils.py","C:\Users\carmi\AI\services\tests\test_path_utils.py","205","test_none_is_prose"
"test_path_utils.py","C:\Users\carmi\AI\services\tests\test_path_utils.py","210","test_real_path_is_not_prose"
"test_path_utils.py","C:\Users\carmi\AI\services\tests\test_path_utils.py","219","test_short_query_rejected"
"test_path_utils.py","C:\Users\carmi\AI\services\tests\test_path_utils.py","225","test_too_long_query_rejected"
"test_path_utils.py","C:\Users\carmi\AI\services\tests\test_path_utils.py","229","test_placeholder_queries_rejected"
"test_path_utils.py","C:\Users\carmi\AI\services\tests\test_path_utils.py","238","test_numeric_ratio_rejected"
"test_path_utils.py","C:\Users\carmi\AI\services\tests\test_path_utils.py","243","test_single_token_with_slash_rejected"
"test_path_utils.py","C:\Users\carmi\AI\services\tests\test_path_utils.py","247","test_two_token_path_accepted"
"test_path_utils.py","C:\Users\carmi\AI\services\tests\test_path_utils.py","252","test_valid_keyword_query_accepted"
"test_path_utils.py","C:\Users\carmi\AI\services\tests\test_path_utils.py","258","test_query_with_punctuation_accepted"
"test_path_utils.py","C:\Users\carmi\AI\services\tests\test_path_utils.py","263","test_short_keyword_rejected"
"test_planner_modules.py","C:\Users\carmi\AI\services\tests\test_planner_modules.py","9","test_import_planner_decision"
"test_planner_modules.py","C:\Users\carmi\AI\services\tests\test_planner_modules.py","24","test_planner_scratchpad_window_signature"
"test_planner_modules.py","C:\Users\carmi\AI\services\tests\test_planner_modules.py","32","test_repo_read_window_signature"
"test_planner_modules.py","C:\Users\carmi\AI\services\tests\test_planner_modules.py","44","test_filter_tool_manifest_for_names"
"test_planner_modules.py","C:\Users\carmi\AI\services\tests\test_planner_modules.py","55","test_native_tools_schema_for_planner"
"test_planner_modules.py","C:\Users\carmi\AI\services\tests\test_planner_modules.py","67","test_invalid_code_product_decision_signature_count_empty"
"test_planner_modules.py","C:\Users\carmi\AI\services\tests\test_planner_modules.py","73","test_invalid_decision_signature_key_empty"
"test_planner_modules.py","C:\Users\carmi\AI\services\tests\test_planner_modules.py","83","test_post_json_exists"
"test_planner_modules.py","C:\Users\carmi\AI\services\tests\test_planner_modules.py","88","test_post_json_signature"
"test_rewrite_latch.py","C:\Users\carmi\AI\services\tests\test_rewrite_latch.py","9","test_coerce_valid_inactive"
"test_rewrite_latch.py","C:\Users\carmi\AI\services\tests\test_rewrite_latch.py","15","test_coerce_valid_rewrite_required"
"test_rewrite_latch.py","C:\Users\carmi\AI\services\tests\test_rewrite_latch.py","20","test_coerce_valid_required_gap_only"
"test_rewrite_latch.py","C:\Users\carmi\AI\services\tests\test_rewrite_latch.py","25","test_coerce_valid_terminal_block_required"
"test_rewrite_latch.py","C:\Users\carmi\AI\services\tests\test_rewrite_latch.py","30","test_coerce_invalid_returns_inactive"
"test_rewrite_latch.py","C:\Users\carmi\AI\services\tests\test_rewrite_latch.py","42","test_terminal_block_is_sticky"
"test_rewrite_latch.py","C:\Users\carmi\AI\services\tests\test_rewrite_latch.py","47","test_first_rejection_starts_rewrite_required"
"test_rewrite_latch.py","C:\Users\carmi\AI\services\tests\test_rewrite_latch.py","52","test_second_rejection_forces_terminal_block"
"test_rewrite_latch.py","C:\Users\carmi\AI\services\tests\test_rewrite_latch.py","57","test_required_gap_only_with_gap_route"
"test_rewrite_latch.py","C:\Users\carmi\AI\services\tests\test_rewrite_latch.py","62","test_required_gap_only_without_gap_route"
"test_rewrite_latch.py","C:\Users\carmi\AI\services\tests\test_rewrite_latch.py","67","test_inactive_to_rewrite_required"
"test_rewrite_latch.py","C:\Users\carmi\AI\services\tests\test_rewrite_latch.py","72","test_rewrite_required_transition"
"test_rewrite_latch.py","C:\Users\carmi\AI\services\tests\test_rewrite_latch.py","77","test_string_current_normalized"
"test_rewrite_latch.py","C:\Users\carmi\AI\services\tests\test_rewrite_latch.py","87","test_escalate_cuda_max_exceeded"
"test_rewrite_latch.py","C:\Users\carmi\AI\services\tests\test_rewrite_latch.py","100","test_escalate_normal_flow"
"test_rewrite_latch.py","C:\Users\carmi\AI\services\tests\test_rewrite_latch.py","114","test_escalate_gap_only_flow"
"test_rewrite_latch.py","C:\Users\carmi\AI\services\tests\test_rewrite_latch.py","126","test_escalate_terminal_block_already_set"
"test_rewrite_latch.py","C:\Users\carmi\AI\services\tests\test_rewrite_latch.py","137","test_escalate_invalid_latch_state"
"test_rewrite_latch.py","C:\Users\carmi\AI\services\tests\test_rewrite_latch.py","147","test_escalate_cuda_flag_not_true"
"test_rewrite_latch.py","C:\Users\carmi\AI\services\tests\test_rewrite_latch.py","157","test_escalate_empty_contract"
"test_rewrite_latch.py","C:\Users\carmi\AI\services\tests\test_rewrite_latch.py","162","test_escalate_non_dict_contract"
"test_rewrite_latch.py","C:\Users\carmi\AI\services\tests\test_rewrite_latch.py","171","test_clear_resets_latch"
"test_rewrite_latch.py","C:\Users\carmi\AI\services\tests\test_rewrite_latch.py","189","test_clear_resets_finalization_contract"
"test_rewrite_latch.py","C:\Users\carmi\AI\services\tests\test_rewrite_latch.py","206","test_clear_removes_stale_reason_codes"
"test_rewrite_latch.py","C:\Users\carmi\AI\services\tests\test_rewrite_latch.py","223","test_clear_filters_candidate_next_actions"
"test_rewrite_latch.py","C:\Users\carmi\AI\services\tests\test_rewrite_latch.py","236","test_clear_keeps_non_matching_actions"
"test_rewrite_latch.py","C:\Users\carmi\AI\services\tests\test_rewrite_latch.py","247","test_clear_empty_contract"
"test_services_imports.py","C:\Users\carmi\AI\services\tests\test_services_imports.py","64","test_import"
"test_services_imports.py","C:\Users\carmi\AI\services\tests\test_services_imports.py","71","test_total_module_count"
"test_services_imports.py","C:\Users\carmi\AI\services\tests\test_services_imports.py","75","test_core_broker_count"
"test_services_imports.py","C:\Users\carmi\AI\services\tests\test_services_imports.py","79","test_codex_bridge_count"
"test_services_imports.py","C:\Users\carmi\AI\services\tests\test_services_imports.py","83","test_vulkan_bridge_count"
"test_services_imports.py","C:\Users\carmi\AI\services\tests\test_services_imports.py","91","test_code_product_build_state_kind"
"test_services_imports.py","C:\Users\carmi\AI\services\tests\test_services_imports.py","96","test_goal_requires_code_product_report"
"test_services_imports.py","C:\Users\carmi\AI\services\tests\test_services_imports.py","102","test_planner_scratchpad_window_signature"
"test_services_imports.py","C:\Users\carmi\AI\services\tests\test_services_imports.py","109","test_repo_read_window_signature"
"test_services_imports.py","C:\Users\carmi\AI\services\tests\test_services_imports.py","116","test_invalid_code_product_decision_signature_count"
"test_services_imports.py","C:\Users\carmi\AI\services\tests\test_services_imports.py","122","test_invalid_decision_signature_key"
"test_services_imports.py","C:\Users\carmi\AI\services\tests\test_services_imports.py","128","test_repo_readable_evidence_file"
"test_tool_contract.py","C:\Users\carmi\AI\services\tests\test_tool_contract.py","9","test_non_native_returns_compact_tools"
"test_tool_contract.py","C:\Users\carmi\AI\services\tests\test_tool_contract.py","17","test_native_returns_index_dict"
"test_tool_contract.py","C:\Users\carmi\AI\services\tests\test_tool_contract.py","32","test_native_empty_tools"
"test_tool_contract.py","C:\Users\carmi\AI\services\tests\test_tool_contract.py","45","test_empty_manifest_returns_empty"
"test_tool_contract.py","C:\Users\carmi\AI\services\tests\test_tool_contract.py","52","test_matching_names_filtered"
"test_tool_contract.py","C:\Users\carmi\AI\services\tests\test_tool_contract.py","66","test_no_matches_returns_empty"
"test_tool_contract.py","C:\Users\carmi\AI\services\tests\test_tool_contract.py","81","test_native_true_returns_enabled"
"test_tool_contract.py","C:\Users\carmi\AI\services\tests\test_tool_contract.py","90","test_native_false_returns_disabled"
"test_tool_contract.py","C:\Users\carmi\AI\services\tests\test_tool_contract.py","103","test_native_true_returns_examples"
"test_tool_contract.py","C:\Users\carmi\AI\services\tests\test_tool_contract.py","118","test_native_false_returns_json_examples"
"test_tool_contract.py","C:\Users\carmi\AI\services\tests\test_tool_contract.py","133","test_sources_list_exists"
"test_tool_contract.py","C:\Users\carmi\AI\services\tests\test_tool_contract.py","141","test_sources_has_required_entries"
"test_validate_decision.py","C:\Users\carmi\AI\services\tests\test_validate_decision.py","13","test_function_exists"
"test_validate_decision.py","C:\Users\carmi\AI\services\tests\test_validate_decision.py","21","test_list_returns_as_is"
"test_validate_decision.py","C:\Users\carmi\AI\services\tests\test_validate_decision.py","25","test_none_returns_empty"
"test_validate_decision.py","C:\Users\carmi\AI\services\tests\test_validate_decision.py","29","test_string_returns_empty"
"test_validate_decision.py","C:\Users\carmi\AI\services\tests\test_validate_decision.py","33","test_dict_returns_empty"
"test_validate_decision.py","C:\Users\carmi\AI\services\tests\test_validate_decision.py","41","test_python_file_is_concrete"
"test_validate_decision.py","C:\Users\carmi\AI\services\tests\test_validate_decision.py","45","test_placeholder_is_not_concrete"
"test_validate_decision.py","C:\Users\carmi\AI\services\tests\test_validate_decision.py","53","test_list_deduplicated"
"test_validate_decision.py","C:\Users\carmi\AI\services\tests\test_validate_decision.py","58","test_none_returns_empty"
"test_validate_decision.py","C:\Users\carmi\AI\services\tests\test_validate_decision.py","66","test_inactive_to_rewrite"
"test_validate_decision.py","C:\Users\carmi\AI\services\tests\test_validate_decision.py","71","test_terminal_block_sticky"
"test_validate_decision.py","C:\Users\carmi\AI\services\tests\test_validate_decision.py","80","test_dict_values_extracted"
"test_validate_decision.py","C:\Users\carmi\AI\services\tests\test_validate_decision.py","85","test_list_values_extracted"
"test_validate_decision.py","C:\Users\carmi\AI\services\tests\test_validate_decision.py","94","test_empty_contract_returns_empty"
"test_validate_decision.py","C:\Users\carmi\AI\services\tests\test_validate_decision.py","98","test_standard_keys_extracted"
"test_validate_decision.py","C:\Users\carmi\AI\services\tests\test_validate_decision.py","108","test_root_always_included"
"test_validate_decision.py","C:\Users\carmi\AI\services\tests\test_validate_decision.py","113","test_ancestor_dirs_derived"
"test_validate_decision.py","C:\Users\carmi\AI\services\tests\test_validate_decision.py","123","test_empty_contract_returns_empty"
"test_validate_decision.py","C:\Users\carmi\AI\services\tests\test_validate_decision.py","127","test_standard_keys_extracted"
"test_validate_decision.py","C:\Users\carmi\AI\services\tests\test_validate_decision.py","137","test_clear_resets_latch"
